,caption,comments_count,id,like_count,media_type,media_url,permalink,timestamp,children
0,#샤인머스캣 #농촌셰프 #chefhoo,0,17863066533003935,1.0,IMAGE,https://scontent-ssn1-1.cdninstagram.com/v/t51.29350-15/375564384_838747711177907_5529193881093958096_n.heic?stp=dst-jpg&_nc_cat=109&ccb=1-7&_nc_sid=8ae9d6&_nc_ohc=jdrSNJTSjLMAX_Bg0cx&_nc_ht=scontent-ssn1-1.cdninstagram.com&edm=AEoDcc0EAAAA&oh=00_AfBOVS6FiKsBnmpR_xlgnIZIndKVEQHsNRvrpd95bYaoCA&oe=650029F8,https://www.instagram.com/p/Cw7FCNQP_E6/,2023-09-08T07:51:34+0000,
1,#탕후루#샤인머스캣#많이먹고싶어서 걍만들어먹음 ㅋㅋ,0,17923544123771930,0.0,IMAGE,https://scontent-ssn1-1.cdninstagram.com/v/t51.29350-15/375626358_3174945702813197_8065073834744464568_n.heic?stp=dst-jpg&_nc_cat=107&ccb=1-7&_nc_sid=8ae9d6&_nc_ohc=YhxRwcusaZUAX8LeanM&_nc_ht=scontent-ssn1-1.cdninstagram.com&edm=AEoDcc0EAAAA&oh=00_AfBiURtWQgdQmDQNtyDdw6ZnmAaqHCS8ke9l9V0r1zOvzw&oe=64FF52F7,https://www.instagram.com/p/Cw7DrZdvynV/,2023-09-08T07:39:43+0000,
2,"사계식탁 프리미엄 추석선물대전🎁행복한 한가위를 더 완벽하게 만들어줄 프리미엄 선물세트 사계식탁이 준비해두었습니다.✅ 샤인머스캣 41,600 원~✅ 새싹삼 24,300 원~✅ 상주 반건시 곶감 31,000 원~✅ 양념 우대 돼지갈비 17,340 원~✅ 영광 보리굴비 59,900 원~합리적인 가격에 주는 이도 받는 이도 기분 좋은 선물!🙇‍♂️📞대량주문은 전화, 카톡으로 편하게 가능합니다.지금 바로 사계식탁에서 확인하세요.#사계식탁 #추석선물 #선물세트 #명절선물 #선물 #추석선물추천 #추석선물공구 #새싹삼 #샤인머스캣 #곶감세트 #보리굴비선물 #돼지갈비세트",0,18011916847863387,262.0,IMAGE,https://scontent-ssn1-1.cdninstagram.com/v/t39.30808-6/375830567_203292972758018_5601310200754405511_n.jpg?_nc_cat=104&ccb=1-7&_nc_sid=8ae9d6&_nc_ohc=yYR-llJHS7kAX-6kVny&_nc_ht=scontent-ssn1-1.cdninstagram.com&edm=AEoDcc0EAAAA&oh=00_AfD3h8SrQAaGppOezc9XYpX8mG__5JRiOPL39Asfay0UEg&oe=6500489D,https://www.instagram.com/p/Cw7DVRtAS3P/,2023-09-08T07:36:42+0000,
3,"공구)❥ [도시농장] 샤인머스캣로얄벌꿀고구마로 인기 끌었던 도시농장의 야심작,샤인머스캣 오픈했어요 :)빼빼마켓 단골 고객님께서는이미 [도시농장]의 품질 인정해주시죠?고구마 공구할때도 품질이 좋지않으면 보내지 않고 좋은 상태일때만 선별 보내주시는 점을 높이사서 업체를 믿고 몇달간 꾸준히 진행해왔었어요.과일이야말로 동네 마트에서 쉽게 사드실 수야 있지만요즘 고객 니즈는 하나를 먹더라도 맛있는 제품을 찾아드시잖아요?씨알 굵고, 싱싱하고, 당도높은 프리미엄 샤인머스캣을빼빼마켓이 가져왔답니다!장마철 날씨에도 평균당도 16브릭스 이상 자랑하는달고 맛있는 [특등품]으로 보내드려요 - ""잘 물러질 수 있는데 과일 다 터져서 오면 어떻게해요?""걱정은 NONONO~~!! 저도 받아보고 엄청 놀랬어요.(아무리 두들겨패도 상처 안날만큼) 딴딴한 샤인머스캣 전용 에어캡 포장안에 쏙 들어가있는 샤인☆받아보시면 '와..이러면 택배기사님이 던져도 살아남겠네..'생각 드실겁니당 >ㅁ<달콤 과즙 퐝퐝~~ 제철 과일 샤인머스캣!선물용으로도 넘 좋아요 - 맛있는 제품으로 꼬오옥 드셔보세요 ^^★후숙 꼬~~옥 해주세요!!───────────────────────[ ★빼빼마켓 9월 구매 이벤트★ ]♠ 이벤트 선물 ♠✓ 1등 헤라 파워부스팅 스페셜 세트 2종 (1명)✓ 2등 바비브라운 크러쉬드 리퀴드 립 (3명) ✓ 3등 라무르 천연 유황비누 (5명)( 팔로우 필수, 참여자가 많으면 늘려 뽑아볼게요 :D )☛ 참여 방법 ❶ bbaebbae9020 계정 [팔로우] ❷ 이벤트피드에 [구매날짜], [구매한 제품명],[폰 뒷번호] 남기기❸ 9월 초 발표ex) 9/1 샤인머스캣 , 1234 ───────────────────────✅샤인머스캣 효능과 장점❶눈에 좋은 안토시아닌이 풍부 - 눈의 피로 줄여주고 시력 보호❷체지방 분해, 몸속의 노폐물을 배출해주며 부종을 막아 다이어트에 도움❸혈액의 흐름을 원활하게 하여 피가 뭉치는 것을 방지해주며 피를 깨끗하게 만들어줌✅백화점 입점상품, 그 이상의 품질 : 1수 기준 600그람 이상의 특등품만을 취급해요. 선물하기에도 넘 좋아요!✅보장된 평균당도의 달콤함16~18brix. 후숙해서 드시면 훨~~씬 더 맛있어요!✅국내 최대 포도산지, 경북산 샤인머스캣✅샤인머스캣전용 에어캡 포장✅옵션- 샤인머스캣 1.3kg 내외 / 2수- 샤인머스캣 2kg 내외 / 3수✅무료배송 ✅롯데택배, 평일 오전 주문건에 한하여 익일 배송✅농산품은 단순변심 및 부주의로 인한 상품훼손 시 반품/교환 처리 힘들어요.상품에 문제가 있을 경우 사진 촬영 후 주문자 성함과 함께 고객센터로 남겨주세요.판매자와 협의 절차 후 반품,교환(자동수거) 진행하셔야 처리되세요!✅주문 마감시간(17:00) 이후 출고된 상품은 취소 및 반품 어려워요.✅구매: 프로필 링크 클릭해주세요bbaebbae9020 #샤인머스캣 #샤인머스캣공구 #도시농장 #도시농장샤인머스캣 #아기간식 #유아간식 #어린이간식 #임산부간식 #수유부간식 #집들이선물 #상견례선물 #부모님선물 #부모님간식 #샤인머스켓 #답례품공구 #답례품추천 #샤인머스켓공구 #아이간식 #아이영양제 #캠핑간식 #하원후간식 #콤부차공구 #퓨레공구 #과일공구 #과일바구니 #추석선물세트 #아기간식추천 #탕후루 #추석선물 #명절선물세트",0,18062937154434160,0.0,IMAGE,https://scontent-ssn1-1.cdninstagram.com/v/t51.29350-15/375889155_843037417449801_7231150512523850915_n.jpg?_nc_cat=103&ccb=1-7&_nc_sid=8ae9d6&_nc_ohc=C5RlAHe0ahcAX_z3o7l&_nc_ht=scontent-ssn1-1.cdninstagram.com&edm=AEoDcc0EAAAA&oh=00_AfCr-sRQtpY4rQ57kfQDVcuH2LpZjUEOw6Psy2hE6BImpA&oe=6500AEE3,https://www.instagram.com/p/Cw7CPHcJOf4/,2023-09-08T07:27:07+0000,
4,[화요일 도시락]소금김밥 소금 조절은 생각보다 힘든 것!#소금김밥 #계란말이 #어묵탕 #샤인머스캣 #스테비아방울토마토#반숙카스테라,0,18033970597513141,0.0,IMAGE,https://scontent-ssn1-1.cdninstagram.com/v/t51.29350-15/375446984_854058646079837_4031669033638589061_n.jpg?_nc_cat=103&ccb=1-7&_nc_sid=8ae9d6&_nc_ohc=I-eurFcCrQQAX__gT2X&_nc_ht=scontent-ssn1-1.cdninstagram.com&edm=AEoDcc0EAAAA&oh=00_AfCAFodwDMjAYMBRu4Vcj87C5GzSXK9pMICdHc9f6Lg28Q&oe=6500C11F,https://www.instagram.com/p/Cw7Bq6FS-VV/,2023-09-08T07:22:11+0000,
5,"🍉드디어 수박이 들어왔어요🍉많은 분들이 찾아주셨는데 맛있는 수박을 구하기가 힘들어 계속 품절이던 수박ㅠㅜ오늘 새벽 경매시장에서 맛좋은 아이로 데려왔답니다😉아임프루트 수박맛집인거 아시죠? :)수박주스,수박화채도 가능하니까 주문주세요배민에서 '아임프루트' 검색하시면 메뉴 다~보실 수 있답니다#아임프루트#과일#화채#빙수#수박#바나나#망고#파인애플#복숭아#멜론#키위#무화과#샤인머스캣#사과#배#토망고#자두#수박",0,18048393319491030,5.0,CAROUSEL_ALBUM,,https://www.instagram.com/p/Cw7BQbspiJt/,2023-09-08T07:18:34+0000,"{'data': [{'id': '17946042548689257'}, {'id': '17982795251201982'}]}"
6,"공구)❥ [도시농장] 샤인머스캣로얄벌꿀고구마로 인기 끌었던 도시농장의 야심작,샤인머스캣 오픈했어요 :)빼빼마켓 단골 고객님께서는이미 [도시농장]의 품질 인정해주시죠?고구마 공구할때도 품질이 좋지않으면 보내지 않고 좋은 상태일때만 선별 보내주시는 점을 높이사서 업체를 믿고 몇달간 꾸준히 진행해왔었어요.과일이야말로 동네 마트에서 쉽게 사드실 수야 있지만요즘 고객 니즈는 하나를 먹더라도 맛있는 제품을 찾아드시잖아요?씨알 굵고, 싱싱하고, 당도높은 프리미엄 샤인머스캣을빼빼마켓이 가져왔답니다!장마철 날씨에도 평균당도 16브릭스 이상 자랑하는달고 맛있는 [특등품]으로 보내드려요 - ""잘 물러질 수 있는데 과일 다 터져서 오면 어떻게해요?""걱정은 NONONO~~!! 저도 받아보고 엄청 놀랬어요.(아무리 두들겨패도 상처 안날만큼) 딴딴한 샤인머스캣 전용 에어캡 포장안에 쏙 들어가있는 샤인☆받아보시면 '와..이러면 택배기사님이 던져도 살아남겠네..'생각 드실겁니당 >ㅁ<달콤 과즙 퐝퐝~~ 제철 과일 샤인머스캣!선물용으로도 넘 좋아요 - 맛있는 제품으로 꼬오옥 드셔보세요 ^^★후숙 꼬~~옥 해주세요!!───────────────────────[ ★빼빼마켓 9월 구매 이벤트★ ]♠ 이벤트 선물 ♠✓ 1등 헤라 파워부스팅 스페셜 세트 2종 (1명)✓ 2등 바비브라운 크러쉬드 리퀴드 립 (3명) ✓ 3등 라무르 천연 유황비누 (5명)( 팔로우 필수, 참여자가 많으면 늘려 뽑아볼게요 :D )☛ 참여 방법 ❶ bbaebbae9020 계정 [팔로우] ❷ 이벤트피드에 [구매날짜], [구매한 제품명],[폰 뒷번호] 남기기❸ 9월 초 발표ex) 9/1 샤인머스캣 , 1234 ───────────────────────✅샤인머스캣 효능과 장점❶눈에 좋은 안토시아닌이 풍부 - 눈의 피로 줄여주고 시력 보호❷체지방 분해, 몸속의 노폐물을 배출해주며 부종을 막아 다이어트에 도움❸혈액의 흐름을 원활하게 하여 피가 뭉치는 것을 방지해주며 피를 깨끗하게 만들어줌✅백화점 입점상품, 그 이상의 품질 : 1수 기준 600그람 이상의 특등품만을 취급해요. 선물하기에도 넘 좋아요!✅보장된 평균당도의 달콤함16~18brix. 후숙해서 드시면 훨~~씬 더 맛있어요!✅국내 최대 포도산지, 경북산 샤인머스캣✅샤인머스캣전용 에어캡 포장✅옵션- 샤인머스캣 1.3kg 내외 / 2수- 샤인머스캣 2kg 내외 / 3수✅무료배송 ✅롯데택배, 평일 오전 주문건에 한하여 익일 배송✅농산품은 단순변심 및 부주의로 인한 상품훼손 시 반품/교환 처리 힘들어요.상품에 문제가 있을 경우 사진 촬영 후 주문자 성함과 함께 고객센터로 남겨주세요.판매자와 협의 절차 후 반품,교환(자동수거) 진행하셔야 처리되세요!✅주문 마감시간(17:00) 이후 출고된 상품은 취소 및 반품 어려워요.✅구매: 프로필 링크 클릭해주세요bbaebbae9020 #샤인머스캣 #샤인머스캣공구 #도시농장 #도시농장샤인머스캣 #아기간식 #유아간식 #어린이간식 #임산부간식 #수유부간식 #집들이선물 #상견례선물 #부모님선물 #부모님간식 #샤인머스켓 #답례품공구 #답례품추천 #샤인머스켓공구 #아이간식 #아이영양제 #캠핑간식 #하원후간식 #콤부차공구 #퓨레공구 #과일공구 #과일바구니 #추석선물세트 #아기간식추천 #탕후루 #추석선물 #명절선물세트",0,17994875486180045,0.0,IMAGE,https://scontent-ssn1-1.cdninstagram.com/v/t51.29350-15/376621372_1692772784574318_8116667761874274065_n.jpg?_nc_cat=106&ccb=1-7&_nc_sid=8ae9d6&_nc_ohc=U515Xp4OMPIAX-vdgwb&_nc_ht=scontent-ssn1-1.cdninstagram.com&edm=AEoDcc0EAAAA&oh=00_AfCgdr92IEK50BhUhxYw7NdE8i3aZpMP1PqZ0gK5pAbKMQ&oe=65008F73,https://www.instagram.com/p/Cw7A5n6PFJv/,2023-09-08T07:15:27+0000,
7,샤인머스캣 먹방🫒저 큰 샤인머스캣을 한입에 다 집어넣더라구욤?!🤣작게 잘라주면 안먹고ㅋㅋ크게 한입 다 먹고싶은가봐여ㅋㅋㅋ근데 단물만 쫙 빨아먹고 나머지는 깔끔하게 퉤퉤 뱉어버렸다는 사실🙈🙈ㅋㅋㅋ저저 냠냠하는 야무진 입 너무 귀엽따구❤️❤️#샤인머스캣#샤인머스캣먹방#오물오물#냠냠#먹방아기#한입만#같이먹자#육아일상#육아소통#육아맞팔환영,5,17880613871935196,18.0,VIDEO,,https://www.instagram.com/reel/Cw6__DAP3VB/,2023-09-08T07:13:38+0000,
8,🟠별미장터🟠✅ 샤인머스켓 2kg 4수 : 3만원✅ 샤인머스켓 4kg 4~5수 : 5.2만원🎁전품목 무료배송+보자기좋은가격으로 감사한 마음을 전달하세요💕#샤인머스캣 #샤인머스켓 #과일선물세트 #명절선물세트 #명절과일선물세트 #명절선물세트 #명절선물추천 #과일선물#시댁선물 #친정선물,0,17891790704895320,1.0,IMAGE,https://scontent-ssn1-1.cdninstagram.com/v/t51.29350-15/375634144_994271045230569_6074149278641421550_n.webp?stp=dst-jpg&_nc_cat=110&ccb=1-7&_nc_sid=8ae9d6&_nc_ohc=LqcLjwacVtgAX918ILE&_nc_ht=scontent-ssn1-1.cdninstagram.com&edm=AEoDcc0EAAAA&oh=00_AfBvhZWCkQJUipxfhrxqAHG_dNHTvtfVxO6V2TXPhQNN0A&oe=64FF0639,https://www.instagram.com/p/Cw7AknNrt2Y/,2023-09-08T07:12:35+0000,
9,"#오늘의간식 #요거트볼 근래들어 오랜만에 중간식!어제 인친님 피드에서 본 샤인머스캣 요거트볼보고 넘 먹고싶어서 바로,,🤍솔트카라멜 그래놀라 sodamhan.greek 그릭요거트 greek_day 샤인머스캣 / 스테비아 방울토마토까지!단짠단짠이라 완전 꿀조합입니다요🫣👍그래놀라는 바삭바삭하고 짭쬬름하면서 달달해서 입심심할때조금씩 집어먹기도 좋겠더라구요ㅋㅋ이따 저녁까지 야무지게 챙겨먹고 피티가서 불태우고 와야겠어요🔥불금 보내세요💪🏻💪🏻",2,17932952666727281,5.0,CAROUSEL_ALBUM,,https://www.instagram.com/p/Cw7AiocL1ly/,2023-09-08T07:12:18+0000,"{'data': [{'id': '17848346256039627'}, {'id': '18237110620231480'}, {'id': '17968302512450950'}, {'id': '18234984745210447'}]}"
10,오늘도 건강한 돼지로의 진일보..ㅋㅋㅋㅋ🏴‍☠️...유튭 알고리즘 타고 온 부도연🐒어디서 많이 본 얼굴인데.. 했더니 중국판 꽃남ㅋㅋㅋㅋ🥊(오글거림이..탈정상급이라.. 뒤도안돌아보고 급탈출했던ㅋㅋㅋ🗿)놀랍게도.. 여기에선 연기력이+1된 모습을 보야쥼🔫내관과 태비의 충격적 러브라인ㅋㅋㅋㅋ🌀어질어질한 세계관에서 개그코드가 통하고 말았다..👀,1,18017661505645218,5.0,CAROUSEL_ALBUM,,https://www.instagram.com/p/Cw7AMccPUUL/,2023-09-08T07:09:17+0000,"{'data': [{'id': '18040057375519629'}, {'id': '18007569706811745'}, {'id': '18233526652211925'}, {'id': '18069860533411076'}]}"
11,"🎀화채꽃🎀👉 배달의 민족 배달음식올여름 무진장 덥지않으셨나요?하 저도 너무 더워서 매일매일 아이스크림을 입에 달고 살았는데요!그러는 와중 배달앱에서 화채꽃이라는 곳을 찾았어요.제가 두번이나 시켜먹은것은🎈샤인머스켓 화채꽃 18,000원여기에 추가로 코코넛젤리 추가해서 먹었더니....🧡아, 그리고 대박은 화채 베이스를 상큼 달달 샤인톡톡 으로 하니깐 탄산이 느껴지면서 처음 비주얼은 엥,,,,?이제 뭐지 싶어쓴데 아니 글쎄같이 먹은 친구랑 과일까지 다 퍼먹고 국물을 꿀꺽꿀꺽 마셨지 뭐예요 🤣유니는 샤이머스캣 화채꽃만 두번 먹었는데리뷰에보면 오수박젤리, 수박화채꽃, 멜론화채꽃 등등 많은 분들이 다양하게 드시더라구요희안한건 떡볶이도 판답니다 😂담에 유니도 한번 도전해 볼께요 ^^ 그때 다시 솔직리뷰 가져오겠습니당!유니 : 올 여름은 화채꽃이였다.",7,18051509230465567,14.0,CAROUSEL_ALBUM,,https://www.instagram.com/p/Cw6_-ZGpNHa/,2023-09-08T07:07:22+0000,"{'data': [{'id': '18028717687607087'}, {'id': '18071311105404551'}, {'id': '17893456433890647'}, {'id': '18003681583983112'}]}"
12,"🍆두부 통가지 구이와 샐러드🎈재료: 가지 1개, 올리브오일 적당량  소금 약간, 후추 약간🎈 토핑: 두부 5/1, 올리브 4~5알, 청귤청  1스픈, 고추장 약간, 파슬리가루🎈반찬: 대파 2/1, 양파 4/1🎈샐러드: 샐러리2/1대, 방토 5개  샤인머스캣 8개, 볶은 들깨👩‍🍳 두부 통 가지 레시피1. 가지를 3등분으로 자른 후 칼집을 내어 소금 살짝 뿌려 올리브유를 1스픈 두르고 후라이팬에 굽는다.1. 대파와 양파도 후라이팬에 굽는다.2. 구운 가지 위에 청귤 1스픈을 바르고 으깬 두부를 올린다. (집에서 담근 청귤을 올려보았고, 혹시 없으면 집에 있는 다른 청으로 대체 가능) 3. 토핑으로 올리브 안에 고추장을 넣으면 완성된다.👩‍🍳 샐러드 레시피1. 깨끗이 씻은 샐러리 잎은 손으로 자르고, 샐러리 대는 얇게 썬다.2. 샐러리에 방토와 샤인머스캣을 섞어준 후 올리브오일과 볶은 들깨를 뿌려준다🍯 효능 ->가지: 다이어크, 노폐물 배출, 항암작용  눈 보호, 콜레스테롤 수치 낮춤  골다공증 예방, 염증 치료, 고혈압  빈혈 예방, 머리카락 성장,  -> 두부: 혈액순환 개선, 간 건강, 심혈관  건강, 피로회복 효과  -> 대파: 고단백, 식이섬유, 칼슘, 이소플라본 (항산화효과, 암 예방), 철분(적혈구  생성, 혈액순환), 마그네슘, 포타슘  비타민B  -> 양파: 당뇨예방, 항암효과, 칼슘(치아, 뼈  생성, 혈액응고), 다이어트, 심혈관  기능, 혈당 조절, 뇌졸중예방, 숙취  해소, 변비 예방, 신경 안정 -> 샐러리: 소화 기능 개선, 체중감량  콜레스테롤 수치 조절, 염증 완화  암 예방 -> 방울토마토: 비만 예방과 다이어트  비타민A, 비타민C, 모발 건강  탈모 예방, 골다공증(비타민K, 칼슘), 혈관 탄력성 -> 샤인머스캣: 암 예방, 피부건강, 심혈관  소화 건강, 다이어트, 눈 건강#가지 #통가지구이 #두부 #두부요리 #샐러리 #대파 #양파 #방울토마토 #샤인머스캣 #건강 #다이어트식단 #채소 #올리브 #올리브오일 #볶은들깨 #들깨",0,17927735453758036,3.0,VIDEO,,https://www.instagram.com/reel/Cw6_nduJ8De/,2023-09-08T07:05:08+0000,
13,"안녕하세요 :) 달달한 세상입니다.1키로 2수 가정용 샤인머스켓을 원가와 가까운 금액 10,700원에 공급합니다.과수원 직송이라 품질은 보장하고 이중에어캡으로 안전배송도 보장합니다!!오후 2시까지 주문시 당일출고입니다.​구매 링크는 프로필에 안내되어 있습니다 :)공구 문의는 DM으로 부탁드립니다 ^^",2,17949983537561223,0.0,VIDEO,https://scontent-ssn1-1.cdninstagram.com/o1/v/t16/f1/m82/0A466DF80049CAB803FA5A369F331EA5_video_dashinit.mp4?efg=eyJ2ZW5jb2RlX3RhZyI6InZ0c192b2RfdXJsZ2VuLjcyMC5jbGlwcyJ9&_nc_ht=scontent-ssn1-1.cdninstagram.com&_nc_cat=105&vs=665356532235366_2212977531&_nc_vs=HBksFQIYT2lnX3hwdl9yZWVsc19wZXJtYW5lbnRfcHJvZC8wQTQ2NkRGODAwNDlDQUI4MDNGQTVBMzY5RjMzMUVBNV92aWRlb19kYXNoaW5pdC5tcDQVAALIAQAVABgkR0hlM1hSYTQ4Ti1sdjV3V0FEb1dIWkt5SUlFR2JxX0VBQUFGFQICyAEAKAAYABsBiAd1c2Vfb2lsATEVAAAmruqA0vCI6z8VAigCQzMsF0AyJ2yLQ5WBGBJkYXNoX2Jhc2VsaW5lXzFfdjERAHUAAA%3D%3D&ccb=9-4&oh=00_AfBD6RESUBdbd4nRrbQMODe5NriWyEHQ9bNWDFNAVb0Jhw&oe=64FCB49F&_nc_sid=1d576d&_nc_rid=2f2e5d9ee7,https://www.instagram.com/reel/Cw6_pEnJYKN/,2023-09-08T07:04:56+0000,
14,#돼지고기 #삼겹살 #류수영 #류수영레시피 #꼬기된장 #상추쌈 #집밥 #저녁 준비 해놓고 #샤인머스캣 #냠냠 오늘도 입은 쉬지 않는다… 내일은 주말이라 또 못쉴텐데… 큰일 ㅎㅎㅎ,0,17999647052110630,5.0,CAROUSEL_ALBUM,,https://www.instagram.com/p/Cw6_eaVPtpG/,2023-09-08T07:03:00+0000,"{'data': [{'id': '17994030449476737'}, {'id': '18003850709051839'}, {'id': '18009262435911447'}, {'id': '18008084278921694'}, {'id': '18011814832895157'}, {'id': '17983810217457488'}, {'id': '17969757806389618'}, {'id': '18004287259849103'}, {'id': '17854080537032287'}]}"
15,:)요즘 당도 정말 좋은 샤인머스캣💚💚샤인머스캣 케이크는 딸기케이크 다음으로 인기가 많은거 같아요😊💚 주말 케이크 예약은카카오톡 채널 티라미뚜로 톡주시면 빠른 상담이 가능합니다!   #샤인머스캣#샤인머스캣케이크#티라미뚜#티라미뚜케이크,2,18308124013110154,13.0,CAROUSEL_ALBUM,,https://www.instagram.com/p/Cw6-_xgB5Rc/,2023-09-08T06:58:49+0000,"{'data': [{'id': '17977822118308313'}, {'id': '18272761543195219'}]}"
16,#연천 #들꽃가람농장 #포도따기체험🍇아주 실한 #샤인머스캣 땄어요!:)#경기도연천 #포도 #포도따기 #연천에코스테이 #경기문화재단 #에코스테이 #에코스테이주민 #에코스테이연천 #경기에코뮤지엄 #에코뮤지엄,0,18155938480295460,33.0,CAROUSEL_ALBUM,,https://www.instagram.com/p/Cw6-ZwwSVAY/,2023-09-08T06:53:37+0000,"{'data': [{'id': '17993177585185032'}, {'id': '18236761525226107'}, {'id': '17995069334491134'}, {'id': '18049207945482667'}, {'id': '18222977278222210'}, {'id': '17999261330084516'}, {'id': '17974405808528328'}, {'id': '17995796941990766'}, {'id': '17883597500867565'}, {'id': '17999756731919580'}]}"
17,"#샤인머스캣 3수 4수여러과일 중 그래도 가격, 맛 좋고요앞전 들였던 분꺼 맛나서 또 받았어요😊#캠벨포도 초반보다 알도 맛도 좋아요#사과 😭 올해 품목 중 제일 오름세가 크다는 뉴스까지..하지만 맛은 좋고요😂#말랑이 #복숭아 무서운 가격이지만 크고 맛 좋고 그래서 또 찾아주시고 계셔요🤗#애플망고 슬슬 애망, 망고도 가격이 좋아지는걸까요?!더 큰 크기인데😍오랜만에 소매 과일들 올려봅니당그외에도 더 있어요😁전 오늘 아이들 과일 간식으로 #아리수 🍎 깍아두고 왔고요주말은 샤인머스캣 주려고요😚",2,17883296675924114,4.0,CAROUSEL_ALBUM,,https://www.instagram.com/p/Cw6-PNYvvnI/,2023-09-08T06:52:11+0000,"{'data': [{'id': '18307331872108384'}, {'id': '18236216824168936'}, {'id': '17855028806998260'}, {'id': '18017732854691948'}, {'id': '18013174966844276'}]}"
18,⠀울 아빠가 농사지은 샤인머스켓 💚야무지게 먹어야지 #똥지의홈카페,2,17970922952543880,,CAROUSEL_ALBUM,,https://www.instagram.com/p/Cw69iKmRsBr/,2023-09-08T06:46:02+0000,"{'data': [{'id': '17981282861420604'}, {'id': '18020375842728347'}]}"
19,"🍆두부 통가지 구이와 샐러드🎈재료: 가지 1개, 올리브오일 적당량  소금 약간, 후추 약간🎈 토핑: 두부 5/1, 올리브 4~5알, 청귤청  1스픈, 고추장 약간, 파슬리가루🎈반찬: 대파 2/1, 양파 4/1🎈샐러드: 샐러리2/1대, 방토 5개  샤인머스캣 8개, 볶은 들깨👩‍🍳 통가지 레시피1. 가지를 3등분으로 자른 후 칼집을 내어 소금 살짝 뿌려 올리브유를 1스픈 두르고 후라이팬에 굽는다.1. 대파와 양파도 후라이팬에 굽는다.2. 구운 가지 위에 청귤 1스픈을 바르고 으깬 두부를 올린다. (집에서 담근 청귤을 올려보았고, 혹시 없으면 집에 있는 다른 청으로 대체 가능) 3. 토핑으로 올리브 안에 고추장을 넣으면 완성된다.👩‍🍳 샐러드 레시피1. 깨끗이 씻은 샐러리 잎은 손으로 자르고, 샐러리 대는 얇게 썬다.2. 샐러리에 방토와 샤인머스캣을 섞어준 후 올리브오일과 볶은 들깨를 뿌려준다🍯 효능 ->가지: 다이어크, 노폐물 배출, 항암작용  눈 보호, 콜레스테롤 수치 낮춤  골다공증 예방, 염증 치료, 고혈압  빈혈 예방, 머리카락 성장,  -> 두부: 혈액순환 개선, 간 건강, 심혈관  건강, 피로회복 효과  -> 대파: 고단백, 식이섬유, 칼슘, 이소플라본 (항산화효과, 암 예방), 철분(적혈구  생성, 혈액순환), 마그네슘, 포타슘  비타민B  -> 양파: 당뇨예방, 항암효과, 칼슘(치아, 뼈  생성, 혈액응고), 다이어트, 심혈관  기능, 혈당 조절, 뇌졸중예방, 숙취  해소, 변비 예방, 신경 안정 -> 샐러리: 소화 기능 개선, 체중감량  콜레스테롤 수치 조절, 염증 완화  암 예방 -> 방울토마토: 비만 예방과 다이어트  비타민A, 비타민C, 모발 건강  탈모 예방, 골다공증(비타민K, 칼슘), 혈관 탄력성 -> 샤인머스캣: 암 예방, 피부건강, 심혈관  소화 건강, 다이어트, 눈 건강#가지 #통가지구이 #두부 #두부요리 #샐러리 #대파 #양파 #방울토마토 #샤인머스캣 #건강 #다이어트식단 #채소 #올리브 #올리브오일 #볶은들깨 #들깨#채소과일식",0,18106463083334547,6.0,CAROUSEL_ALBUM,,https://www.instagram.com/p/Cw69Yo7JHqL/,2023-09-08T06:44:44+0000,"{'data': [{'id': '17934614453727033'}, {'id': '18033432931514744'}, {'id': '17972054765535802'}, {'id': '18388997845000418'}, {'id': '18079366615382613'}, {'id': '18067786663418153'}, {'id': '18007549216927880'}]}"
20,얼린 샤인머스캣#샤인머스캣 #일상 #과일,0,17986516829464307,4.0,IMAGE,https://scontent-ssn1-1.cdninstagram.com/v/t51.29350-15/375664016_342406118214733_8026106829430971755_n.webp?stp=dst-jpg&_nc_cat=111&ccb=1-7&_nc_sid=8ae9d6&_nc_ohc=U6fJb5u_55EAX95qnad&_nc_oc=AQl-BotkCVyag0EByRLpIPkJ8MXOl6EoL1ACzgAG92eBl1OMrojPxb_HvB4w6X-35R4&_nc_ht=scontent-ssn1-1.cdninstagram.com&edm=AEoDcc0EAAAA&oh=00_AfBAMRzew5mMccN2NIbCe4M9kTQ-c9pRMdpWbxbP_0RzKw&oe=65009542,https://www.instagram.com/p/Cw68Q_LyLBs/,2023-09-08T06:34:57+0000,
21,"#광고#샤인머스캣공동구매추석선물문의, 받아보시고 재구매하시는 분들이 많아요🌚 샤인머스캣 공구를 추석택배마감일인 9월 22일까지로 쭉- 연장합니다🙏🏻✨다음주부터는 9월 22일까지 월,화,수,목,금 오전 9시 주문건까지 매일 당일 출고됩니다. 출고 요청일 따로 메모해주시면 원하시는 날짜에 출고도 가능합니다💚처음 공구 열때 당도 물어보신분들께 다음주면 더 달거다 말씀드렸는데, 지금 아주아주 달고 맛있습니다✨ 지난번 샤인 게시글로 댓글달아주시는분들 중 두분께 샤인머스캣 보내드리겠다 이벤트를 열었는데, 네분께 샤인머스캣 보내드릴게요💚샤인머스캣은 프로필 연결된 링크로 주문 가능합니다💚철수네 공동구매 사랑해주셔서 감사합니다✨#샤인머스캣#철수네공동구매",11,18264286369092173,86.0,CAROUSEL_ALBUM,,https://www.instagram.com/p/Cw68EKPLL9J/,2023-09-08T06:33:12+0000,"{'data': [{'id': '17883905000859520'}, {'id': '18021714019662182'}, {'id': '17979816026439979'}, {'id': '17933201993733062'}, {'id': '17994141827321500'}, {'id': '18357025084074468'}, {'id': '18019403785706318'}, {'id': '18001384214047934'}]}"
22,단체주문 감사합니다!서울바나나 선릉점❤️am.7:30~자정12:00 #서울바나나 #신상카페 #신상맛집 #선릉카페 #슬러쉬 #선릉커피#핫플레이스 #선릉핫플 #탕후루 #선릉탕후루 #탕후루맛집 #달콤상콤탕후루 #스테비아토마토 #샤인머스캣 #거봉 #애플캔디#창업문의 #카페창업 #슬러쉬커피 #밀크티라떼 #애플탕후루 #서울바나나,0,17981269664387429,4.0,IMAGE,https://scontent-ssn1-1.cdninstagram.com/v/t51.29350-15/375552178_1055944422486963_4575702559379368768_n.jpg?_nc_cat=100&ccb=1-7&_nc_sid=8ae9d6&_nc_ohc=UNn-Bczs14IAX-4DJC9&_nc_ht=scontent-ssn1-1.cdninstagram.com&edm=AEoDcc0EAAAA&oh=00_AfCB4ZyC-qGYl1-Y_kn2XTo-tXzsjXYGHPH4J8ekvfDlQA&oe=65004381,https://www.instagram.com/p/Cw67r6KST5d/,2023-09-08T06:29:53+0000,
23,🍐🥣🥛달콤한 샤인 어제 만든 꾸덕한 요거트그리고 이제서야 푹 빠진 위빅!#그릭요거트 #홈메이드 #주이테이블,9,18113778217321786,,CAROUSEL_ALBUM,,https://www.instagram.com/p/Cw66-_4pwye/,2023-09-08T06:23:45+0000,"{'data': [{'id': '18205809073248422'}, {'id': '18083551015373608'}, {'id': '17999830231899814'}, {'id': '17991691181506471'}, {'id': '18381138409022895'}, {'id': '17947748201677488'}, {'id': '17997073922172991'}, {'id': '18281815036176490'}]}"
24,🎉🎉🎉오픈완료🎉🎉🎉안녕하세요 프루테 입니다!드디어 오늘 프루테 스토어팜이 오픈을 했습니다! :)🍇1년 내내 정성을 담아 키워낸 샤인머스켓을 합리적인 가격에 만나보세요!😲알림신청 누르면 선착순으로 증정되는 할인쿠폰이 곧 소진되니 늦지말고 받아가세요!,2,18287420197131441,13.0,CAROUSEL_ALBUM,,https://www.instagram.com/p/Cw65cspSFAk/,2023-09-08T06:10:20+0000,"{'data': [{'id': '18004568458864303'}, {'id': '18354636067078025'}, {'id': '18098298346353233'}]}"
25,"#진주_추석선물_전문점_카페옴마 추석 시즌 본격적으로 스타트 하겠습니다💪💪💪카페옴마 추석명절선물세트 라인업 구상중입니다👋단품과일선물세트(배,사과,샤인머스캣,멜론,태추단감,복숭아,등등)#2023년_카페옴마_추석과일선물세트⬆️추석명절과일선물세트확인하러가기⬆️사전예약고객님은 풍성한 한가위되세요 토퍼 서비스😍카페옴마는 항상 고객과 소통하며 싱싱한과일 좋은과일로 보답해 드리겠습니다‼️‼️🍊당일 경매받은 싱싱한 제철과일을 듬뿍👌🥭저렴한 가격에 퀄리티는 최고👌🍇진주전지역 배송가능👌(배달비별도👌)⬇️싱싱한과일 확인하러가기⬇️https://band.us/cafeomma(네이버밴드카페옴마)싱싱한 과일을 가득가득 담아드리겠습니다👌👌👌(🍇🍈🍉🍊🍋🍌🍍🥭🍎🍏🍑🍒🍓🥝🍅🥑)미리 예약부탁드립니다☎️☎️☎️(카페옴마 745-2702) 010 3591 7833 메세지문의..#카페옴마 #카페옴마푸룻 #추석선물 #추석선물세트 #추석선물예약 #부모님선물 #과일세트 #시댁선물 #친정선물 #진주맛집 #진주과일 #진주과일가게 #진주과일바구니 #진주과일상자 #진주과일도매  #예단과일 #예단과일세트  #중앙청과35번  #과일바구니 #과일상자 #가성비선물 #사과 #배 #메론 #샤인머스캣 #진주맛집 #진주추석선물세트 #진주추석선물",0,17982519350518837,7.0,IMAGE,https://scontent-ssn1-1.cdninstagram.com/v/t51.29350-15/376265186_675517827967316_1392602685328200589_n.heic?stp=dst-jpg&_nc_cat=101&ccb=1-7&_nc_sid=8ae9d6&_nc_ohc=HNQy3Wf0ZhEAX-Q13kh&_nc_ht=scontent-ssn1-1.cdninstagram.com&edm=AEoDcc0EAAAA&oh=00_AfC-9GN9h5ExZ68N0-iDdSpIT6m9fJRQ5FtQdlEV9jhWcQ&oe=64FF98DE,https://www.instagram.com/p/Cw66YmJPBZt/,2023-09-08T06:18:31+0000,
26,스스로 잘하고 있다 생각하다가도어느순간 돈이 필요할때가 오면돈을 모으지 않고 쓰기에만 급급했던지나간 시간들을 후회하고모자란 만큼은 대출을 받아쓰며더 힘든 시간을 보내게 되겠죠선택은 나의 몫입니다빠르게 변화하는 시대에빠르게 파악하여흐름을 제대로 읽으셔야 합니다궁금하신분들은 프로필하단카카오톡 오픈톡으로 1:1 문의주세요!!,1,17893956113871510,0.0,IMAGE,https://scontent-ssn1-1.cdninstagram.com/v/t51.29350-15/375621173_324978729996818_5535801108888249376_n.webp?stp=dst-jpg&_nc_cat=108&ccb=1-7&_nc_sid=8ae9d6&_nc_ohc=FwfJVmgUsxUAX_gdfrI&_nc_ht=scontent-ssn1-1.cdninstagram.com&edm=AEoDcc0EAAAA&oh=00_AfAmFtM91swSoSN5iBp3DW-zfjpwYO1L3f92meqC8uPQlg&oe=65009819,https://www.instagram.com/p/Cw65y6OR7VY/,2023-09-08T06:13:22+0000,
27,"샤인머스캣 미니생크림 💚100% 동물성 생크림으로 느끼하지 않고,샌딩과일도 통으로 들어가서생과일 가득 넘 맛있는 생크림케이크 예요 🫠주문 감사합니다 🫶케이크 주문은 2~3일 전 매장전화또는 DM으로 문의주세요 💌031 407 8702#안산카페 #안산케이크 #안산생크림케이크 #생과일케이크 #샤인머스캣 #샤인머스캣생크림케이크 #안산케이크주문 #안산케이크예약 #안산케이크맛집 #케이크주문 #생크림케이크 #미니케이크 #안산카페투어 #나드커피 #nadcoffee",2,17989680503093263,13.0,IMAGE,https://scontent-ssn1-1.cdninstagram.com/v/t51.29350-15/375588504_301829232537661_4453081949724796309_n.jpg?_nc_cat=108&ccb=1-7&_nc_sid=8ae9d6&_nc_ohc=_uQ1J_VhhIMAX8RIKrN&_nc_ht=scontent-ssn1-1.cdninstagram.com&edm=AEoDcc0EAAAA&oh=00_AfDteg-xNsN8196s18Abb0wdZIixZPsFC2uQiJobFokqkQ&oe=6500437B,https://www.instagram.com/p/Cw65mK1SNKJ/,2023-09-08T06:11:37+0000,
28,": Cafe,Ränġ : Roastery & Dessert9월 8일 금요일🌞카페랑 11시에 매장과 배민 모두 활짝 오픈했습니다🤗무화과생크림케이크와 반반케이크주문해 주셔서 준비해 드렸습니다믿고 주문해 주셔서 감사드립니다🙇🏻‍♀️🫶🏻🩷주말 동안에도 홀케이크 예약 많이 해주셨어요믿고 맡겨주신 만큼 맛있고 예쁘게 준비해 드릴게요🤍오늘도 랑카페 저녁 8시까지매장 환하게 밝히며 열어둘게요😻지나가시는길 편하게 들러 주세요✨✨✨🔸홀케이크 및 답례품, 수제쿠키 단체주문 편하게 문의주세요🔸원두, 드립백, 수제쿠키 선물포장 가능합니다🔸매장 운영과 함께 하고있어 답변이 늦어질 수 있습니다🔸배달의민족 운영중",2,17920139744700007,17.0,IMAGE,https://scontent-ssn1-1.cdninstagram.com/v/t51.29350-15/376225892_813342164127837_137107889461139479_n.jpg?_nc_cat=108&ccb=1-7&_nc_sid=8ae9d6&_nc_ohc=6_E-MVRzvbkAX9gOPC0&_nc_ht=scontent-ssn1-1.cdninstagram.com&edm=AEoDcc0EAAAA&oh=00_AfCgHNItmX2Jk3qU3x3BsLvkh9HpgBbatMQbjBf95021aw&oe=64FFC780,https://www.instagram.com/p/Cw65WTAL9u-/,2023-09-08T06:09:27+0000,
29,선선-더움-선선 가을이 오고있다몽!나무엔 벌써 은행 폭탄이 만들어진다몽!?!?#damong2  #damong_land  #다몽이#사막여우 #캐릭터 #드로잉 #그림스타그램 #가을 #은행 #은행나무 #선선 #더움 #바람#다들 #바닥 #잘봐요 #은행폭탄 #fall#나무 #샤인머스캣 #탕후루 #아니야 #🪵 #🍂,0,18023561581654443,2.0,IMAGE,https://scontent-ssn1-1.cdninstagram.com/v/t51.29350-15/375522098_320202227075141_3118740366924770876_n.heic?stp=dst-jpg&_nc_cat=106&ccb=1-7&_nc_sid=8ae9d6&_nc_ohc=WIu8pQnOM9MAX9f5LYD&_nc_ht=scontent-ssn1-1.cdninstagram.com&edm=AEoDcc0EAAAA&oh=00_AfBDRIlA-1srdcxiY5tfK36SObs2pL3-J0760vnkVWvCpA&oe=65008AC9,https://www.instagram.com/p/Cw65PqKryZZ/,2023-09-08T06:08:33+0000,
30,"안녕하세요 ! #달가네포도밭 입니다.드디어 네이버스토어가 오픈되었습니다 🫶✅️네이버검색 👉 [달가네포도밭]✅️인스타 프로필 링크 클릭 ⭕️2023, #달가네 #샤인머스캣 주문받을게요 ~~!!네이버스토어 오픈을 통해 카드결제도 가능하니 많은 주문 부탁드려요 :)문의사항은 DM 부탁드립니다 😉 #김천 #김천포도 #샤인택배 #샤인머스켓 #포도택배 #농사스타그램 #김천샤인 #김천샤인머스켓 #김천샤인머스캣#푸드스타그램 #맛있다그램 #먹스타 #맛스타그램 #샤인머스캣공구#먹부림 #먹스타그램 #과일  #과일스타그램 #jmt #포도맛집 #맛있다 #존맛 #망고포도 #맛집 #먹스타맞팔 #먹팔 #맘스타그램 #달가네 #샤인머스캣",1,17996771960135039,11.0,CAROUSEL_ALBUM,,https://www.instagram.com/p/Cw637ugxsaC/,2023-09-08T05:57:05+0000,"{'data': [{'id': '18022997146677693'}, {'id': '17978025389308987'}]}"
31,포도는 씨발라먹는게 귀찮아서 좋아하지 않는다. 샤인머스캣은 그런면에서 획기적이었다. 며칠전 샤인머스켓이 비싼 과일이라는걸 알게되었다 ㅋㅋ 오늘 약국 손님께서 선물이라면서 주고 가셨다. 넙죽!!!!!!!! 잘한것은 없지만 “어우 감사합니다! “#샤인머스켓 #샤인머스캣 #귀하다는 #손님의선물💝#뭐이런걸다 #넙죽 #거절못하는성격 #달리기스타그램 #이지런 #10km #즐거달리기 #약국약사,0,17999769928922233,5.0,IMAGE,https://scontent-ssn1-1.cdninstagram.com/v/t51.29350-15/376009448_281091801300513_1008418539654612968_n.jpg?_nc_cat=103&ccb=1-7&_nc_sid=8ae9d6&_nc_ohc=S3oW_KnFlfUAX8f-lyR&_nc_ht=scontent-ssn1-1.cdninstagram.com&edm=AEoDcc0EAAAA&oh=00_AfA5yGXS_sWfg4yFrjlY3XJ29H_1KTZGDDmeZn9268pH1A&oe=64FF17E9,https://www.instagram.com/p/Cw633e6L6bB/,2023-09-08T05:56:31+0000,
32,카페몬지 샤인머스캣 빙수!:) 현대백화점에 입점해있는 카페몬지💚상큼 달달한 샤인 머스캣 빙수 추천🙏🏻티라미수도 맛있었어요!,1,18013942555865377,7.0,IMAGE,https://scontent-ssn1-1.cdninstagram.com/v/t51.29350-15/376073641_272889015609598_1173818996360584026_n.jpg?_nc_cat=105&ccb=1-7&_nc_sid=8ae9d6&_nc_ohc=GS5lUkwQUzUAX8TkbtV&_nc_ht=scontent-ssn1-1.cdninstagram.com&edm=AEoDcc0EAAAA&oh=00_AfBHi23libsbcGqL09P-dZHeMQ5qQJFz2C1iKqk30_Xjxg&oe=64FEE792,https://www.instagram.com/p/Cw62usHyupj/,2023-09-08T05:46:34+0000,
33,"[요셉이네 샤인머스켓 OPEN]1대 할아버지 추천 PICK! 고심 또 고심끝에 선보이는 고당도 샤인머스켓!!💖안녕하세요 요셉이네 농장입니다.👨‍🌾믿고 먹는 요셉이네가 오랫동안 준비하며 올해 처음 선보이는 샤인머스켓입니다.경북영천 하면 포도 복숭아죠...!오랜기간 할아버지와 함께 공판장, 도매시장, 근처 포도농사 하시는 농부님들 샤인까지...!싹~다 먹어보고 고르고 골랐습니다.산지직송 고당도 신선한 샤인머스캣!실패하지말고 요셉이네에서 드세요 :)-오늘부터 스토어를 통해 샤인머스켓의 예약주문이 시작되며, 처음으로 요셉이네농장에서 지역 APC, 농업인들과의 교류를 통해 고당도 과일들을 한정된 수량으로 제공합니다.<샤인머스켓>-2수 (1~2kg)-4수 (2.5~ 3kg)발송은 9월 10일 부터 순차적으로 진행될 예정이며, 오늘부터 3일, “예약판매기간” 동안 2천원 할인된 가격에 주문이가능합니다......#샤인머스켓 #샤인머스캣 #포도 #망고포도 #청포도 #포도농장 #농장직거래 #산지직송 #믿고먹는 #요셉이네복숭아",3,17981281817435898,,CAROUSEL_ALBUM,,https://www.instagram.com/p/Cw62tmvLj1y/,2023-09-08T05:46:25+0000,"{'data': [{'id': '17966862638470435'}, {'id': '18028966894556557'}, {'id': '17923521146681651'}, {'id': '17859021575981824'}]}"
34,#샤인머스캣신랑이 마눌 좋아하는거라고 주문해주심근데 울집 윤양이 더 많이 먹을듯,1,18033595030566413,3.0,IMAGE,https://scontent-ssn1-1.cdninstagram.com/v/t51.29350-15/376037105_962886034769145_3062328014534268860_n.webp?stp=dst-jpg&_nc_cat=104&ccb=1-7&_nc_sid=8ae9d6&_nc_ohc=Pu5I_OYdNuoAX9t3Sdi&_nc_ht=scontent-ssn1-1.cdninstagram.com&edm=AEoDcc0EAAAA&oh=00_AfCT8xhtPk7UfSAkJFKpQPur0Zz35cCc9kwGZWiw6M9-cw&oe=64FFF642,https://www.instagram.com/p/Cw62TOiRhDy/,2023-09-08T05:42:49+0000,
35,시럽만드는데 ㅡ눈알같이 징그럽넹.........#탕후루#샤인머스캣#시럽만들기,3,18016363642754494,10.0,CAROUSEL_ALBUM,,https://www.instagram.com/p/Cw61tmqvco5/,2023-09-08T05:37:41+0000,"{'data': [{'id': '17982362396378737'}, {'id': '17855120925000896'}]}"
36,"#샤인머스캣⠀⠀⠀가을바람 솔솔 불어오면 어김없이 생각나죠??9월의 샤인머스캣 공구오픈합니다:)매 공구때마다 몇백박스가 출고되었는데도 큰사고 없이 잘도착해준 샤인이들!늘 맛있다고 맛보장해주시는 고객님들을 위해가격 착하게 왔어요~당일 3시이전 주문시, 익일 출고🚚추석 선물용도 함께 오픈하니 문의주셔요:)  충북 옥천에 위치한 농장에서도 픽업이 가능해요!직접픽업은 샤인머스캣의 컨디션도 볼수있고 맛보기도 가능해서 아이들과 방문해보는걸 추천드려요!❤️픽업장소 디엠주세요⠀⠀ 🍇옥천 포도밭 그 사나이 샤인머스켓🍇👉🏻 중량 : 2kg 1박스 (중량따라 3수, 4수)👉🏻 가격 : 30,000원👉🏻 합배송비1박스, 2박스 : 5,000원3박스 : 8,000원4박스 : 10,000원 🎁추석선물세트 예약공지(100세트 한정)🎁추석선물용으로 고급스런 공단보자기에국화매듭이나 태슬장식으로 준비됩니다.컬러는 랜덤으로 들어가며 추가비용은 1박스당  5,000원입니다 :-)▪️ 추석선물세트 발송기간9/25 월요일 출고영업일 기준 2-3일 소요택배사 물량따라 지연될수 있어일찍이 보내드리는점 양해해주세요🙏   #샤인머스캣공구#옥천샤인머스캣#망고포도#추석선물추천",0,17933670032729677,9.0,CAROUSEL_ALBUM,,https://www.instagram.com/p/Cw60zbwvN1t/,2023-09-08T05:29:45+0000,"{'data': [{'id': '18003222815055523'}, {'id': '18306223162129282'}, {'id': '17969566223610302'}, {'id': '18004866250979173'}, {'id': '18003939457996106'}, {'id': '17981327570455380'}, {'id': '18023530450589165'}, {'id': '18202844968265554'}, {'id': '17843485341062861'}, {'id': '18385467508011099'}]}"
37,"공구)❥ [도시농장] 샤인머스캣로얄벌꿀고구마로 인기 끌었던 도시농장의 야심작,샤인머스캣 오픈했어요 :)빼빼마켓 단골 고객님께서는이미 [도시농장]의 품질 인정해주시죠?고구마 공구할때도 품질이 좋지않으면 보내지 않고 좋은 상태일때만 선별 보내주시는 점을 높이사서 업체를 믿고 몇달간 꾸준히 진행해왔었어요.과일이야말로 동네 마트에서 쉽게 사드실 수야 있지만요즘 고객 니즈는 하나를 먹더라도 맛있는 제품을 찾아드시잖아요?씨알 굵고, 싱싱하고, 당도높은 프리미엄 샤인머스캣을빼빼마켓이 가져왔답니다!장마철 날씨에도 평균당도 16브릭스 이상 자랑하는달고 맛있는 [특등품]으로 보내드려요 - ""잘 물러질 수 있는데 과일 다 터져서 오면 어떻게해요?""걱정은 NONONO~~!! 저도 받아보고 엄청 놀랬어요.(아무리 두들겨패도 상처 안날만큼) 딴딴한 샤인머스캣 전용 에어캡 포장안에 쏙 들어가있는 샤인☆받아보시면 '와..이러면 택배기사님이 던져도 살아남겠네..'생각 드실겁니당 >ㅁ<달콤 과즙 퐝퐝~~ 제철 과일 샤인머스캣!선물용으로도 넘 좋아요 - 맛있는 제품으로 꼬오옥 드셔보세요 ^^★후숙 꼬~~옥 해주세요!!───────────────────────[ ★빼빼마켓 9월 구매 이벤트★ ]♠ 이벤트 선물 ♠✓ 1등 헤라 파워부스팅 스페셜 세트 2종 (1명)✓ 2등 바비브라운 크러쉬드 리퀴드 립 (3명) ✓ 3등 라무르 천연 유황비누 (5명)( 팔로우 필수, 참여자가 많으면 늘려 뽑아볼게요 :D )☛ 참여 방법 ❶ bbaebbae9020 계정 [팔로우] ❷ 이벤트피드에 [구매날짜], [구매한 제품명],[폰 뒷번호] 남기기❸ 9월 초 발표ex) 9/1 샤인머스캣 , 1234 ───────────────────────✅샤인머스캣 효능과 장점❶눈에 좋은 안토시아닌이 풍부 - 눈의 피로 줄여주고 시력 보호❷체지방 분해, 몸속의 노폐물을 배출해주며 부종을 막아 다이어트에 도움❸혈액의 흐름을 원활하게 하여 피가 뭉치는 것을 방지해주며 피를 깨끗하게 만들어줌✅백화점 입점상품, 그 이상의 품질 : 1수 기준 600그람 이상의 특등품만을 취급해요. 선물하기에도 넘 좋아요!✅보장된 평균당도의 달콤함16~18brix. 후숙해서 드시면 훨~~씬 더 맛있어요!✅국내 최대 포도산지, 경북산 샤인머스캣✅샤인머스캣전용 에어캡 포장✅옵션- 샤인머스캣 1.3kg 내외 / 2수- 샤인머스캣 2kg 내외 / 3수✅무료배송 ✅롯데택배, 평일 오전 주문건에 한하여 익일 배송✅농산품은 단순변심 및 부주의로 인한 상품훼손 시 반품/교환 처리 힘들어요.상품에 문제가 있을 경우 사진 촬영 후 주문자 성함과 함께 고객센터로 남겨주세요.판매자와 협의 절차 후 반품,교환(자동수거) 진행하셔야 처리되세요!✅주문 마감시간(17:00) 이후 출고된 상품은 취소 및 반품 어려워요.✅구매: 프로필 링크 클릭해주세요bbaebbae9020 #샤인머스캣 #샤인머스캣공구 #도시농장 #도시농장샤인머스캣 #아기간식 #유아간식 #어린이간식 #임산부간식 #수유부간식 #집들이선물 #상견례선물 #부모님선물 #부모님간식 #샤인머스켓 #답례품공구 #답례품추천 #샤인머스켓공구 #아이간식 #아이영양제 #캠핑간식 #하원후간식 #콤부차공구 #퓨레공구 #과일공구 #과일바구니 #추석선물세트 #아기간식추천 #탕후루 #추석선물 #명절선물세트",0,17949347720673485,0.0,IMAGE,https://scontent-ssn1-1.cdninstagram.com/v/t51.29350-15/375279585_994314551775828_5992204984876643364_n.jpg?_nc_cat=103&ccb=1-7&_nc_sid=8ae9d6&_nc_ohc=dkUw8U6nmxYAX8Fj-x7&_nc_ht=scontent-ssn1-1.cdninstagram.com&edm=AEoDcc0EAAAA&oh=00_AfDXvRHCTJ3JUzIDzMmKMZ1RO0_lkl3LZov99PAqdgKZVQ&oe=6500A60F,https://www.instagram.com/p/Cw60JHjBpAs/,2023-09-08T05:23:58+0000,
38,🔥오이탕후루 먹을 칭구 ㅎ🔥밤달이네 신상탕후루 오이맛탕후루 🥒🥒성공하고 오이헤이러 칭구칭구에게 보내쟈~😜@@오이탕후루 먹이고 싶은 친구 태그하기⬇️⬇️더 많은 릴스게임을 원해?!⬇️⬇️baamgom_toon baamgom_toon baamgom_toon #인기릴스 #못잡겠지 #약오르지 #탕후루 #탕후루만들기 #오이탕후루 #오이헤이러 #딸기 #샤인머스캣 #내기 #릴스게임#reels #reelsgame,7,17891594804894782,23.0,VIDEO,https://scontent-ssn1-1.cdninstagram.com/o1/v/t16/f1/m82/534E7E8408B6AB1A2D49A45736422892_video_dashinit.mp4?efg=eyJ2ZW5jb2RlX3RhZyI6InZ0c192b2RfdXJsZ2VuLjcyMC5jbGlwcyJ9&_nc_ht=scontent-ssn1-1.cdninstagram.com&_nc_cat=110&vs=737350498115913_411874559&_nc_vs=HBksFQIYT2lnX3hwdl9yZWVsc19wZXJtYW5lbnRfcHJvZC81MzRFN0U4NDA4QjZBQjFBMkQ0OUE0NTczNjQyMjg5Ml92aWRlb19kYXNoaW5pdC5tcDQVAALIAQAVABgkR0lsVlp4Wk5ac1MzdnFZQ0FCeE5UalZwX1VCZ2JxX0VBQUFGFQICyAEAKAAYABsBiAd1c2Vfb2lsATEVAAAmtpWx%2F8Sy9T8VAigCQzMsF0ALDEm6XjU%2FGBJkYXNoX2Jhc2VsaW5lXzFfdjERAHUAAA%3D%3D&ccb=9-4&oh=00_AfCSc8GKlILDM3edBFgLEJkb93eGDA3w0usofeV7Xxfazw&oe=64FC4324&_nc_sid=1d576d&_nc_rid=09824c7251,https://www.instagram.com/reel/Cw6x8nYrKKy/,2023-09-08T05:16:41+0000,
39,샤인머스켓 씨리얼 한 번 보실까요??~~,1,18157388455292775,4.0,VIDEO,https://scontent-ssn1-1.cdninstagram.com/o1/v/t16/f1/m82/0F45C9DCAA5F9D08F2DC4F601C725993_video_dashinit.mp4?efg=eyJ2ZW5jb2RlX3RhZyI6InZ0c192b2RfdXJsZ2VuLjcyMC5jbGlwcyJ9&_nc_ht=scontent-ssn1-1.cdninstagram.com&_nc_cat=101&vs=6701690726584335_1241319096&_nc_vs=HBksFQIYT2lnX3hwdl9yZWVsc19wZXJtYW5lbnRfcHJvZC8wRjQ1QzlEQ0FBNUY5RDA4RjJEQzRGNjAxQzcyNTk5M192aWRlb19kYXNoaW5pdC5tcDQVAALIAQAVABgkR01GQVpoWkZZZGNlWjVnREFJRmhNYmhXSHZRYWJxX0VBQUFGFQICyAEAKAAYABsBiAd1c2Vfb2lsATEVAAAmuKHlie%2FJvD8VAigCQzMsF0AtIcrAgxJvGBJkYXNoX2Jhc2VsaW5lXzFfdjERAHUAAA%3D%3D&ccb=9-4&oh=00_AfDxiiGkrTblNC-s2ssmcweYy5p7LkIMa6ZGMG1r8US_tA&oe=64FCC532&_nc_sid=1d576d&_nc_rid=f67b332ac3,https://www.instagram.com/reel/Cw6yiQFrEvR/,2023-09-08T05:10:46+0000,
40,"2023.9.7 다이어트 기록 ♡ 식단 기록 1. 점심 - 커피 크림치즈 쿠키 & 그릭요거트 & 샤인머스캣 & 고구마 말랭이 & 아이스라떼,아메리카노 2. 저녁 -  치킨 가라아게 & 사과 & 고구마 말랭이 ♡ 운동 기록 1. 공복 걷기 5.4km2. 공복 사이클 38분3. 공복 홈트 39분4. 지압 훌라후프 1시간 11분 5. 홈트 18분6. 걷기 2.4kn7. 지압 훌라후프 1시간 28분 8. 홈트 34분안과에 치과까지 다녀옴😨토끼랑 마무리 홈트 같이 함#홈카페 #홈카페놀이 #커피크림치즈쿠키 #아메리칸쿠키 #쿠키 #그릭요거트 #샤인머스캣 #고구마말랭이 #아이스라떼 #치킨가라아게 #사과",0,18032991580576082,4.0,CAROUSEL_ALBUM,,https://www.instagram.com/p/Cw6yh7Wvzi7/,2023-09-08T05:09:53+0000,"{'data': [{'id': '17998928447300109'}, {'id': '17954612168526603'}, {'id': '18058766893444811'}, {'id': '17989480007252718'}, {'id': '18026409616718904'}, {'id': '17970696428390145'}]}"
41,"공구)❥ [도시농장] 샤인머스캣로얄벌꿀고구마로 인기 끌었던 도시농장의 야심작,샤인머스캣 오픈했어요 :)빼빼마켓 단골 고객님께서는이미 [도시농장]의 품질 인정해주시죠?고구마 공구할때도 품질이 좋지않으면 보내지 않고 좋은 상태일때만 선별 보내주시는 점을 높이사서 업체를 믿고 몇달간 꾸준히 진행해왔었어요.과일이야말로 동네 마트에서 쉽게 사드실 수야 있지만요즘 고객 니즈는 하나를 먹더라도 맛있는 제품을 찾아드시잖아요?씨알 굵고, 싱싱하고, 당도높은 프리미엄 샤인머스캣을빼빼마켓이 가져왔답니다!장마철 날씨에도 평균당도 16브릭스 이상 자랑하는달고 맛있는 [특등품]으로 보내드려요 - ""잘 물러질 수 있는데 과일 다 터져서 오면 어떻게해요?""걱정은 NONONO~~!! 저도 받아보고 엄청 놀랬어요.(아무리 두들겨패도 상처 안날만큼) 딴딴한 샤인머스캣 전용 에어캡 포장안에 쏙 들어가있는 샤인☆받아보시면 '와..이러면 택배기사님이 던져도 살아남겠네..'생각 드실겁니당 >ㅁ<달콤 과즙 퐝퐝~~ 제철 과일 샤인머스캣!선물용으로도 넘 좋아요 - 맛있는 제품으로 꼬오옥 드셔보세요 ^^★후숙 꼬~~옥 해주세요!!───────────────────────[ ★빼빼마켓 9월 구매 이벤트★ ]♠ 이벤트 선물 ♠✓ 1등 헤라 파워부스팅 스페셜 세트 2종 (1명)✓ 2등 바비브라운 크러쉬드 리퀴드 립 (3명) ✓ 3등 라무르 천연 유황비누 (5명)( 팔로우 필수, 참여자가 많으면 늘려 뽑아볼게요 :D )☛ 참여 방법 ❶ bbaebbae9020 계정 [팔로우] ❷ 이벤트피드에 [구매날짜], [구매한 제품명],[폰 뒷번호] 남기기❸ 9월 초 발표ex) 9/1 샤인머스캣 , 1234 ───────────────────────✅샤인머스캣 효능과 장점❶눈에 좋은 안토시아닌이 풍부 - 눈의 피로 줄여주고 시력 보호❷체지방 분해, 몸속의 노폐물을 배출해주며 부종을 막아 다이어트에 도움❸혈액의 흐름을 원활하게 하여 피가 뭉치는 것을 방지해주며 피를 깨끗하게 만들어줌✅백화점 입점상품, 그 이상의 품질 : 1수 기준 600그람 이상의 특등품만을 취급해요. 선물하기에도 넘 좋아요!✅보장된 평균당도의 달콤함16~18brix. 후숙해서 드시면 훨~~씬 더 맛있어요!✅국내 최대 포도산지, 경북산 샤인머스캣✅샤인머스캣전용 에어캡 포장✅옵션- 샤인머스캣 1.3kg 내외 / 2수- 샤인머스캣 2kg 내외 / 3수✅무료배송 ✅롯데택배, 평일 오전 주문건에 한하여 익일 배송✅농산품은 단순변심 및 부주의로 인한 상품훼손 시 반품/교환 처리 힘들어요.상품에 문제가 있을 경우 사진 촬영 후 주문자 성함과 함께 고객센터로 남겨주세요.판매자와 협의 절차 후 반품,교환(자동수거) 진행하셔야 처리되세요!✅주문 마감시간(17:00) 이후 출고된 상품은 취소 및 반품 어려워요.✅구매: 프로필 링크 클릭해주세요bbaebbae9020 #샤인머스캣 #샤인머스캣공구 #도시농장 #도시농장샤인머스캣 #아기간식 #유아간식 #어린이간식 #임산부간식 #수유부간식 #집들이선물 #상견례선물 #부모님선물 #부모님간식 #샤인머스켓 #답례품공구 #답례품추천 #샤인머스켓공구 #아이간식 #아이영양제 #캠핑간식 #하원후간식 #콤부차공구 #퓨레공구 #과일공구 #과일바구니 #추석선물세트 #아기간식추천 #탕후루 #추석선물 #명절선물세트",0,17986427999142378,1.0,IMAGE,https://scontent-ssn1-1.cdninstagram.com/v/t51.29350-15/375718589_1541966503208865_338506180819673489_n.jpg?_nc_cat=109&ccb=1-7&_nc_sid=8ae9d6&_nc_ohc=m-EHtMJQu70AX_MYtdW&_nc_ht=scontent-ssn1-1.cdninstagram.com&edm=AEoDcc0EAAAA&oh=00_AfC5arQt0P1i_hDD_U6cTnD5VJ7d_6VLyN-LOQfbWx8OFg&oe=64FF21AE,https://www.instagram.com/p/Cw6xMg8RQh0/,2023-09-08T04:58:13+0000,
42,#오늘 #와인추천 #와인 #브렌탈 #화이트와인 #아이스와인 같으면서도 #리슬링 같으면서도 #향긋한 #포도주스 같으면서도? 정말 #맛있는와인 #마셔보고깜놀 요즘 #샤인머스캣 과 화이트와인을 #마리아주 해서 먹는게 #낙 인데...어떤 #과일 과도 너무 잘 어울리는 #브렌탈화이트와인 #브렌탈은신세계 ~화니Tip 과일에 올리브유를 뿌려서 같이 먹으니 더 맛있다 ㅎ#wine #whitewine #winelover #brenntal #lovelywine #italy🇮🇹 #abccorporation #winecollection,2,18122833699309542,,CAROUSEL_ALBUM,,https://www.instagram.com/p/Cw6xEBTyFyg/,2023-09-08T04:57:03+0000,"{'data': [{'id': '17982916016204713'}, {'id': '17950119998558461'}, {'id': '17970154991402677'}, {'id': '18005345311948133'}, {'id': '18030946180595238'}]}"
43,#협찬 ⠀⠀과일귀신 은남매의 최애과일은 샤인머스캣🍇💚⠀동네과일집에서 구매하면 알크기도작고 당도도 떨어져서⠀프레쉬마켓 한남 꿀구슬 샤인머스캣 주문해봤어요 ⠀한남동 더힐 옆에서 10년가까이 운영된 과일맛집인⠀프레쉬마켓 한남은 연예인들도 자주 찾는곳으로⠀주문 후 농장에서 직배송 되는만큼⠀최상의 신선도를 자랑하는데요 !크기에 1차 놀라고 맛에 2차 놀라버렸어요(ºoºι)⠀⠀과일의 당도를 나타내는 브릭스!⠀꿀구슬 샤인머스캣은 최소 18브릭스 이상만 출고되어⠀정말 달달하고 아삭아삭~~⠀한송이가 아이들 얼굴보다 크고 무거워서⠀한그릇 담아주면 포만감까지 😛⠀⠀씨가 없어서 아이들 먹기에도 너무 좋고⠀요거트에 넣어먹어도 한끼 간식으로 충분!⠀추석선물이나 집들이 선물로 준비해도 좋아요⠀⠀🌈프레쉬마켓한남 스토어 오픈기념 이벤트⠀- 구매후 베스트 포토리뷰어 5명추첨 네이버 1만포인트지급⠀- 배송비 무료 (기간한정)⠀⠀freshmarket_hannam #프레쉬마켓한남 #한남동과일 #산지직송 #과일추천⠀#샤인머스캣 #샤인머스캣주문 #과일선물 #아이들과일,2,17867983910942861,,CAROUSEL_ALBUM,,https://www.instagram.com/p/Cw6wVK4JWEq/,2023-09-08T04:50:40+0000,"{'data': [{'id': '17998107857110014'}, {'id': '17871641435969807'}, {'id': '18312549340100948'}, {'id': '18246900019200682'}, {'id': '18274623694196473'}, {'id': '18197282758280395'}, {'id': '17985444023158556'}, {'id': '17851140873044160'}]}"
44,안녕하세요 헬시파파입니다.곧 #추석이 다가오고 있어요~어느때보다 풍요롭게 보내시라고정성껏 과일선물세트를 준비했어요질좋은 상품과 착한가격으로가족과 지인에게  감사의 마음을 전하시길 바랍니다.#추석#한가위#선물#과일#과일선물세트#샤인머스캣#사과#배#망고#혼합과일#헬시파파#가성비#내마음#감사#인사#가족#친지,0,17934256208633483,2.0,IMAGE,https://scontent-ssn1-1.cdninstagram.com/v/t51.29350-15/376228266_1309459742998064_652866378571656843_n.heic?stp=dst-jpg&_nc_cat=106&ccb=1-7&_nc_sid=8ae9d6&_nc_ohc=zGLkndKtIEMAX8oIqhP&_nc_ht=scontent-ssn1-1.cdninstagram.com&edm=AEoDcc0EAAAA&oh=00_AfBQfJfl4AWsqEQMBD9UE8-rEjasxukYIwX9kWxmFYzEaw&oe=65002D7F,https://www.instagram.com/p/Cw6wHcOS-po/,2023-09-08T04:48:47+0000,
45,"화성시민이라 좋은 점✨️👉 맛있는 로컬푸드 과일이 있다.(특히 이 맘 때 나오는 샤인머스캣👍, 봄겨울엔 딸기👍)더욱 신선하고 맛있는 과일을 준비해드릴 수 있어서 화성이 좋아요.🥰🍰오늘도 맛있는 디저트들과 함께 마카레베이킹에서 뵈어요!💕9월 8일 금요일 마카레베이킹 디저트 라인업- 💕 마카롱 14종*자주 반복라인👉 바닐라인절미, 망고, 쿠키앤크림, 레드벨벳, 솔티캐러멜, 초코범벅브라우니, 티라미수, 더블치즈, 초코우유청크*순서대로 반복라인👉 아몬드봉봉, 흑떡쏙떡, 녹차티라미수, 크림치즈무화과, 시나몬- 💕 빵(12시~1시)- 소금빵- 크로아상- 흠뻑연유빵- 💕 파운드케이크 2종- 바닐라화이트초콜릿 파운드케이크- 다크초콜릿 파운드케이크- 💕 타르트- 호두파이- 피칸파이- 💕 쿠키- 머랭쿠키(솜사탕)- 버터쿠키(바닐라, 초코, 얼그레이)- 초코칩아몬드쌀쿠키- 💕 그 외- 마들렌(초코, 레몬, 얼그레이)- 카스레라(꿀쌀, 쑥) *쌀가루로 만들어요. :)♡- 💕케이크 - 당근케이크(조각)🥕 - 망고파인애플생크림케이크(조각)🥭🍍 - 무화과생크림케이크(조각) - 샤인머스캣생크림케이크(조각)* 홀케이크는 최소 1일전(다음날 오후 4시 이후 픽업 가능), 2일(오전 10시30분부터 픽업 가능) 예약 필수 *#마카롱맛집 #마카레베이킹 #디저트카페",2,18042464740512145,12.0,IMAGE,https://scontent-ssn1-1.cdninstagram.com/v/t51.29350-15/375536421_323840106705295_2623086093256600525_n.heic?stp=dst-jpg&_nc_cat=108&ccb=1-7&_nc_sid=8ae9d6&_nc_ohc=S5T70Wp5vhkAX_YtFFz&_nc_oc=AQkLOa--iUe3MGt-uExxkdZ104DODq5jrHTGAvRkC2fpO-_OkLkF-RlLKEa6EpMVkaY&_nc_ht=scontent-ssn1-1.cdninstagram.com&edm=AEoDcc0EAAAA&oh=00_AfBu9zROVTOpO1kbprxN33vDWAFTduTdTXWqAgzMQE5i9w&oe=64FF0504,https://www.instagram.com/p/Cw6vOnMJ3T6/,2023-09-08T04:41:02+0000,
46,"공구)❥ [도시농장] 샤인머스캣로얄벌꿀고구마로 인기 끌었던 도시농장의 야심작,샤인머스캣 오픈했어요 :)빼빼마켓 단골 고객님께서는이미 [도시농장]의 품질 인정해주시죠?고구마 공구할때도 품질이 좋지않으면 보내지 않고 좋은 상태일때만 선별 보내주시는 점을 높이사서 업체를 믿고 몇달간 꾸준히 진행해왔었어요.과일이야말로 동네 마트에서 쉽게 사드실 수야 있지만요즘 고객 니즈는 하나를 먹더라도 맛있는 제품을 찾아드시잖아요?씨알 굵고, 싱싱하고, 당도높은 프리미엄 샤인머스캣을빼빼마켓이 가져왔답니다!장마철 날씨에도 평균당도 16브릭스 이상 자랑하는달고 맛있는 [특등품]으로 보내드려요 - ""잘 물러질 수 있는데 과일 다 터져서 오면 어떻게해요?""걱정은 NONONO~~!! 저도 받아보고 엄청 놀랬어요.(아무리 두들겨패도 상처 안날만큼) 딴딴한 샤인머스캣 전용 에어캡 포장안에 쏙 들어가있는 샤인☆받아보시면 '와..이러면 택배기사님이 던져도 살아남겠네..'생각 드실겁니당 >ㅁ<달콤 과즙 퐝퐝~~ 제철 과일 샤인머스캣!선물용으로도 넘 좋아요 - 맛있는 제품으로 꼬오옥 드셔보세요 ^^★후숙 꼬~~옥 해주세요!!───────────────────────[ ★빼빼마켓 9월 구매 이벤트★ ]♠ 이벤트 선물 ♠✓ 1등 헤라 파워부스팅 스페셜 세트 2종 (1명)✓ 2등 바비브라운 크러쉬드 리퀴드 립 (3명) ✓ 3등 라무르 천연 유황비누 (5명)( 팔로우 필수, 참여자가 많으면 늘려 뽑아볼게요 :D )☛ 참여 방법 ❶ bbaebbae9020 계정 [팔로우] ❷ 이벤트피드에 [구매날짜], [구매한 제품명],[폰 뒷번호] 남기기❸ 9월 초 발표ex) 9/1 샤인머스캣 , 1234 ───────────────────────✅샤인머스캣 효능과 장점❶눈에 좋은 안토시아닌이 풍부 - 눈의 피로 줄여주고 시력 보호❷체지방 분해, 몸속의 노폐물을 배출해주며 부종을 막아 다이어트에 도움❸혈액의 흐름을 원활하게 하여 피가 뭉치는 것을 방지해주며 피를 깨끗하게 만들어줌✅백화점 입점상품, 그 이상의 품질 : 1수 기준 600그람 이상의 특등품만을 취급해요. 선물하기에도 넘 좋아요!✅보장된 평균당도의 달콤함16~18brix. 후숙해서 드시면 훨~~씬 더 맛있어요!✅국내 최대 포도산지, 경북산 샤인머스캣✅샤인머스캣전용 에어캡 포장✅옵션- 샤인머스캣 1.3kg 내외 / 2수- 샤인머스캣 2kg 내외 / 3수✅무료배송 ✅롯데택배, 평일 오전 주문건에 한하여 익일 배송✅농산품은 단순변심 및 부주의로 인한 상품훼손 시 반품/교환 처리 힘들어요.상품에 문제가 있을 경우 사진 촬영 후 주문자 성함과 함께 고객센터로 남겨주세요.판매자와 협의 절차 후 반품,교환(자동수거) 진행하셔야 처리되세요!✅주문 마감시간(17:00) 이후 출고된 상품은 취소 및 반품 어려워요.✅구매: 프로필 링크 클릭해주세요bbaebbae9020 #샤인머스캣 #샤인머스캣공구 #도시농장 #도시농장샤인머스캣 #아기간식 #유아간식 #어린이간식 #임산부간식 #수유부간식 #집들이선물 #상견례선물 #부모님선물 #부모님간식 #샤인머스켓 #답례품공구 #답례품추천 #샤인머스켓공구 #아이간식 #아이영양제 #캠핑간식 #하원후간식 #콤부차공구 #퓨레공구 #과일공구 #과일바구니 #추석선물세트 #아기간식추천 #탕후루 #추석선물 #명절선물세트",0,17945872790693913,0.0,IMAGE,https://scontent-ssn1-1.cdninstagram.com/v/t51.29350-15/376280427_617141370597029_263405733868691539_n.jpg?_nc_cat=100&ccb=1-7&_nc_sid=8ae9d6&_nc_ohc=UGnymx8upLcAX_evK_o&_nc_ht=scontent-ssn1-1.cdninstagram.com&edm=AEoDcc0EAAAA&oh=00_AfDHNF--LNtErbBe6ms55dBDUIKxhnAZMOb48eRIW4ChBQ&oe=65004588,https://www.instagram.com/p/Cw6ueLbSPtV/,2023-09-08T04:34:25+0000,
47,#샤인머스켓은더이룸농장 ♥️ 안̆̈녕̆̈하̆̈세요 ♥ #더이룸농장 #샤인머스캣 에 토마토랑 부라타치즈만 추가하면 곱디고운 #샤인머스켓샐러드 완성돼요 ˚‧｡♥｡‧˚ 보기에 예쁘니까 #손님초대요리 #집들이음식 으로 딱! 이라고 생각됩니다 #다이어트음식 #한그릇요리 로 한끼 뚝딱 해도 좋구요 >< 이래저래 활용도 높은 #더이룸농장샤인머스캣 은 사랑입니다아 '◡',0,17993292278483340,,IMAGE,https://scontent-ssn1-1.cdninstagram.com/v/t51.29350-15/375619358_208033602049032_4840017001652722439_n.jpg?_nc_cat=100&ccb=1-7&_nc_sid=8ae9d6&_nc_ohc=UW7S__ASmwQAX_OIv4p&_nc_ht=scontent-ssn1-1.cdninstagram.com&edm=AEoDcc0EAAAA&oh=00_AfAMnjT8bw6eRxFaW8UpqySLqvS815zwVL6awgi-ul-J9A&oe=650003A9,https://www.instagram.com/p/Cw6uVmzJhrn/,2023-09-08T04:33:15+0000,
48,지금까지 먹어본 포도중에 가장 달았던 #샤인머스캣 노래질때까지 안따고 두면 제일 맛있다함.. 보관기간이 짧아져서 유통은 안됨. 농장에서만 맛볼수있음,0,18032610517525189,29.0,CAROUSEL_ALBUM,,https://www.instagram.com/p/Cw6t3VaPHTi/,2023-09-08T04:29:07+0000,"{'data': [{'id': '18006252652822818'}, {'id': '18099407062347705'}, {'id': '18088533106364899'}, {'id': '17864051798993536'}, {'id': '18079112524389906'}, {'id': '18004659490993273'}, {'id': '18029285218537440'}]}"
49,#재단소식 #도농상생 #후기이벤트 #안내2023년 도농상생 프로젝트3차 제철 농산물 체험 후기 이벤트 사전 안내.3차 제철농산물 체험 활동이 끝나고 후기를 작성해 주시는 분들께제철 농산물 꾸러미를 선물로 드립니다~😆😆😆개인 SNS 또는 화성푸드통합지원센터 홈페이지를 통해 참여 가능합니다.자세한 사항은 2페이지의 내용을 확인해 주세요~(❁´◡`❁),2,17981415614413476,12.0,CAROUSEL_ALBUM,,https://www.instagram.com/p/Cw6ty2MxP_3/,2023-09-08T04:28:30+0000,"{'data': [{'id': '18234473254210663'}, {'id': '18298493356139582'}]}"
50,"#진주_추석선물_전문점_카페옴마 추석 시즌 본격적으로 스타트 하겠습니다💪💪💪카페옴마 추석명절선물세트 라인업 구상중입니다👋단품과일선물세트(배,사과,샤인머스캣,멜론,태추단감,복숭아,등등)#2023년_카페옴마_추석과일선물세트⬆️추석명절과일선물세트확인하러가기⬆️사전예약고객님은 풍성한 한가위되세요 토퍼 서비스😍카페옴마는 항상 고객과 소통하며 싱싱한과일 좋은과일로 보답해 드리겠습니다‼️‼️🍊당일 경매받은 싱싱한 제철과일을 듬뿍👌🥭저렴한 가격에 퀄리티는 최고👌🍇진주전지역 배송가능👌(배달비별도👌)⬇️싱싱한과일 확인하러가기⬇️https://band.us/cafeomma(네이버밴드카페옴마)싱싱한 과일을 가득가득 담아드리겠습니다👌👌👌(🍇🍈🍉🍊🍋🍌🍍🥭🍎🍏🍑🍒🍓🥝🍅🥑)미리 예약부탁드립니다☎️☎️☎️(카페옴마 745-2702) 010 3591 7833 메세지문의..#카페옴마 #카페옴마푸룻 #추석선물 #추석선물세트 #추석선물예약 #부모님선물 #과일세트 #시댁선물 #친정선물 #진주맛집 #진주과일 #진주과일가게 #진주과일바구니 #진주과일상자 #진주과일도매  #예단과일 #예단과일세트  #중앙청과35번  #과일바구니 #과일상자 #가성비선물 #사과 #배 #메론 #샤인머스캣 #진주맛집 #진주추석선물세트 #진주추석선물",0,17982519350518837,7.0,IMAGE,https://scontent-ssn1-1.cdninstagram.com/v/t51.29350-15/376265186_675517827967316_1392602685328200589_n.heic?stp=dst-jpg&_nc_cat=101&ccb=1-7&_nc_sid=8ae9d6&_nc_ohc=HNQy3Wf0ZhEAX-Q13kh&_nc_ht=scontent-ssn1-1.cdninstagram.com&edm=AEoDcc0EAAAA&oh=00_AfC-9GN9h5ExZ68N0-iDdSpIT6m9fJRQ5FtQdlEV9jhWcQ&oe=64FF98DE,https://www.instagram.com/p/Cw66YmJPBZt/,2023-09-08T06:18:31+0000,
51,스스로 잘하고 있다 생각하다가도어느순간 돈이 필요할때가 오면돈을 모으지 않고 쓰기에만 급급했던지나간 시간들을 후회하고모자란 만큼은 대출을 받아쓰며더 힘든 시간을 보내게 되겠죠선택은 나의 몫입니다빠르게 변화하는 시대에빠르게 파악하여흐름을 제대로 읽으셔야 합니다궁금하신분들은 프로필하단카카오톡 오픈톡으로 1:1 문의주세요!!,1,17893956113871510,0.0,IMAGE,https://scontent-ssn1-1.cdninstagram.com/v/t51.29350-15/375621173_324978729996818_5535801108888249376_n.webp?stp=dst-jpg&_nc_cat=108&ccb=1-7&_nc_sid=8ae9d6&_nc_ohc=FwfJVmgUsxUAX_gdfrI&_nc_ht=scontent-ssn1-1.cdninstagram.com&edm=AEoDcc0EAAAA&oh=00_AfAmFtM91swSoSN5iBp3DW-zfjpwYO1L3f92meqC8uPQlg&oe=65009819,https://www.instagram.com/p/Cw65y6OR7VY/,2023-09-08T06:13:22+0000,
52,"샤인머스캣 미니생크림 💚100% 동물성 생크림으로 느끼하지 않고,샌딩과일도 통으로 들어가서생과일 가득 넘 맛있는 생크림케이크 예요 🫠주문 감사합니다 🫶케이크 주문은 2~3일 전 매장전화또는 DM으로 문의주세요 💌031 407 8702#안산카페 #안산케이크 #안산생크림케이크 #생과일케이크 #샤인머스캣 #샤인머스캣생크림케이크 #안산케이크주문 #안산케이크예약 #안산케이크맛집 #케이크주문 #생크림케이크 #미니케이크 #안산카페투어 #나드커피 #nadcoffee",2,17989680503093263,13.0,IMAGE,https://scontent-ssn1-1.cdninstagram.com/v/t51.29350-15/375588504_301829232537661_4453081949724796309_n.jpg?_nc_cat=108&ccb=1-7&_nc_sid=8ae9d6&_nc_ohc=_uQ1J_VhhIMAX8RIKrN&_nc_ht=scontent-ssn1-1.cdninstagram.com&edm=AEoDcc0EAAAA&oh=00_AfDteg-xNsN8196s18Abb0wdZIixZPsFC2uQiJobFokqkQ&oe=6500437B,https://www.instagram.com/p/Cw65mK1SNKJ/,2023-09-08T06:11:37+0000,
53,": Cafe,Ränġ : Roastery & Dessert9월 8일 금요일🌞카페랑 11시에 매장과 배민 모두 활짝 오픈했습니다🤗무화과생크림케이크와 반반케이크주문해 주셔서 준비해 드렸습니다믿고 주문해 주셔서 감사드립니다🙇🏻‍♀️🫶🏻🩷주말 동안에도 홀케이크 예약 많이 해주셨어요믿고 맡겨주신 만큼 맛있고 예쁘게 준비해 드릴게요🤍오늘도 랑카페 저녁 8시까지매장 환하게 밝히며 열어둘게요😻지나가시는길 편하게 들러 주세요✨✨✨🔸홀케이크 및 답례품, 수제쿠키 단체주문 편하게 문의주세요🔸원두, 드립백, 수제쿠키 선물포장 가능합니다🔸매장 운영과 함께 하고있어 답변이 늦어질 수 있습니다🔸배달의민족 운영중",2,17920139744700007,17.0,IMAGE,https://scontent-ssn1-1.cdninstagram.com/v/t51.29350-15/376225892_813342164127837_137107889461139479_n.jpg?_nc_cat=108&ccb=1-7&_nc_sid=8ae9d6&_nc_ohc=6_E-MVRzvbkAX9gOPC0&_nc_ht=scontent-ssn1-1.cdninstagram.com&edm=AEoDcc0EAAAA&oh=00_AfCgHNItmX2Jk3qU3x3BsLvkh9HpgBbatMQbjBf95021aw&oe=64FFC780,https://www.instagram.com/p/Cw65WTAL9u-/,2023-09-08T06:09:27+0000,
54,선선-더움-선선 가을이 오고있다몽!나무엔 벌써 은행 폭탄이 만들어진다몽!?!?#damong2  #damong_land  #다몽이#사막여우 #캐릭터 #드로잉 #그림스타그램 #가을 #은행 #은행나무 #선선 #더움 #바람#다들 #바닥 #잘봐요 #은행폭탄 #fall#나무 #샤인머스캣 #탕후루 #아니야 #🪵 #🍂,0,18023561581654443,2.0,IMAGE,https://scontent-ssn1-1.cdninstagram.com/v/t51.29350-15/375522098_320202227075141_3118740366924770876_n.heic?stp=dst-jpg&_nc_cat=106&ccb=1-7&_nc_sid=8ae9d6&_nc_ohc=WIu8pQnOM9MAX9f5LYD&_nc_ht=scontent-ssn1-1.cdninstagram.com&edm=AEoDcc0EAAAA&oh=00_AfBDRIlA-1srdcxiY5tfK36SObs2pL3-J0760vnkVWvCpA&oe=65008AC9,https://www.instagram.com/p/Cw65PqKryZZ/,2023-09-08T06:08:33+0000,
55,"안녕하세요 ! #달가네포도밭 입니다.드디어 네이버스토어가 오픈되었습니다 🫶✅️네이버검색 👉 [달가네포도밭]✅️인스타 프로필 링크 클릭 ⭕️2023, #달가네 #샤인머스캣 주문받을게요 ~~!!네이버스토어 오픈을 통해 카드결제도 가능하니 많은 주문 부탁드려요 :)문의사항은 DM 부탁드립니다 😉 #김천 #김천포도 #샤인택배 #샤인머스켓 #포도택배 #농사스타그램 #김천샤인 #김천샤인머스켓 #김천샤인머스캣#푸드스타그램 #맛있다그램 #먹스타 #맛스타그램 #샤인머스캣공구#먹부림 #먹스타그램 #과일  #과일스타그램 #jmt #포도맛집 #맛있다 #존맛 #망고포도 #맛집 #먹스타맞팔 #먹팔 #맘스타그램 #달가네 #샤인머스캣",1,17996771960135039,11.0,CAROUSEL_ALBUM,,https://www.instagram.com/p/Cw637ugxsaC/,2023-09-08T05:57:05+0000,"{'data': [{'id': '18022997146677693'}, {'id': '17978025389308987'}]}"
56,포도는 씨발라먹는게 귀찮아서 좋아하지 않는다. 샤인머스캣은 그런면에서 획기적이었다. 며칠전 샤인머스켓이 비싼 과일이라는걸 알게되었다 ㅋㅋ 오늘 약국 손님께서 선물이라면서 주고 가셨다. 넙죽!!!!!!!! 잘한것은 없지만 “어우 감사합니다! “#샤인머스켓 #샤인머스캣 #귀하다는 #손님의선물💝#뭐이런걸다 #넙죽 #거절못하는성격 #달리기스타그램 #이지런 #10km #즐거달리기 #약국약사,0,17999769928922233,5.0,IMAGE,https://scontent-ssn1-1.cdninstagram.com/v/t51.29350-15/376009448_281091801300513_1008418539654612968_n.jpg?_nc_cat=103&ccb=1-7&_nc_sid=8ae9d6&_nc_ohc=S3oW_KnFlfUAX8f-lyR&_nc_ht=scontent-ssn1-1.cdninstagram.com&edm=AEoDcc0EAAAA&oh=00_AfA5yGXS_sWfg4yFrjlY3XJ29H_1KTZGDDmeZn9268pH1A&oe=64FF17E9,https://www.instagram.com/p/Cw633e6L6bB/,2023-09-08T05:56:31+0000,
57,카페몬지 샤인머스캣 빙수!:) 현대백화점에 입점해있는 카페몬지💚상큼 달달한 샤인 머스캣 빙수 추천🙏🏻티라미수도 맛있었어요!,1,18013942555865377,7.0,IMAGE,https://scontent-ssn1-1.cdninstagram.com/v/t51.29350-15/376073641_272889015609598_1173818996360584026_n.jpg?_nc_cat=105&ccb=1-7&_nc_sid=8ae9d6&_nc_ohc=GS5lUkwQUzUAX8TkbtV&_nc_ht=scontent-ssn1-1.cdninstagram.com&edm=AEoDcc0EAAAA&oh=00_AfBHi23libsbcGqL09P-dZHeMQ5qQJFz2C1iKqk30_Xjxg&oe=64FEE792,https://www.instagram.com/p/Cw62usHyupj/,2023-09-08T05:46:34+0000,
58,"[요셉이네 샤인머스켓 OPEN]1대 할아버지 추천 PICK! 고심 또 고심끝에 선보이는 고당도 샤인머스켓!!💖안녕하세요 요셉이네 농장입니다.👨‍🌾믿고 먹는 요셉이네가 오랫동안 준비하며 올해 처음 선보이는 샤인머스켓입니다.경북영천 하면 포도 복숭아죠...!오랜기간 할아버지와 함께 공판장, 도매시장, 근처 포도농사 하시는 농부님들 샤인까지...!싹~다 먹어보고 고르고 골랐습니다.산지직송 고당도 신선한 샤인머스캣!실패하지말고 요셉이네에서 드세요 :)-오늘부터 스토어를 통해 샤인머스켓의 예약주문이 시작되며, 처음으로 요셉이네농장에서 지역 APC, 농업인들과의 교류를 통해 고당도 과일들을 한정된 수량으로 제공합니다.<샤인머스켓>-2수 (1~2kg)-4수 (2.5~ 3kg)발송은 9월 10일 부터 순차적으로 진행될 예정이며, 오늘부터 3일, “예약판매기간” 동안 2천원 할인된 가격에 주문이가능합니다......#샤인머스켓 #샤인머스캣 #포도 #망고포도 #청포도 #포도농장 #농장직거래 #산지직송 #믿고먹는 #요셉이네복숭아",3,17981281817435898,,CAROUSEL_ALBUM,,https://www.instagram.com/p/Cw62tmvLj1y/,2023-09-08T05:46:25+0000,"{'data': [{'id': '17966862638470435'}, {'id': '18028966894556557'}, {'id': '17923521146681651'}, {'id': '17859021575981824'}]}"
59,#샤인머스캣신랑이 마눌 좋아하는거라고 주문해주심근데 울집 윤양이 더 많이 먹을듯,1,18033595030566413,3.0,IMAGE,https://scontent-ssn1-1.cdninstagram.com/v/t51.29350-15/376037105_962886034769145_3062328014534268860_n.webp?stp=dst-jpg&_nc_cat=104&ccb=1-7&_nc_sid=8ae9d6&_nc_ohc=Pu5I_OYdNuoAX9t3Sdi&_nc_ht=scontent-ssn1-1.cdninstagram.com&edm=AEoDcc0EAAAA&oh=00_AfCT8xhtPk7UfSAkJFKpQPur0Zz35cCc9kwGZWiw6M9-cw&oe=64FFF642,https://www.instagram.com/p/Cw62TOiRhDy/,2023-09-08T05:42:49+0000,
60,시럽만드는데 ㅡ눈알같이 징그럽넹.........#탕후루#샤인머스캣#시럽만들기,3,18016363642754494,10.0,CAROUSEL_ALBUM,,https://www.instagram.com/p/Cw61tmqvco5/,2023-09-08T05:37:41+0000,"{'data': [{'id': '17982362396378737'}, {'id': '17855120925000896'}]}"
61,"#샤인머스캣⠀⠀⠀가을바람 솔솔 불어오면 어김없이 생각나죠??9월의 샤인머스캣 공구오픈합니다:)매 공구때마다 몇백박스가 출고되었는데도 큰사고 없이 잘도착해준 샤인이들!늘 맛있다고 맛보장해주시는 고객님들을 위해가격 착하게 왔어요~당일 3시이전 주문시, 익일 출고🚚추석 선물용도 함께 오픈하니 문의주셔요:)  충북 옥천에 위치한 농장에서도 픽업이 가능해요!직접픽업은 샤인머스캣의 컨디션도 볼수있고 맛보기도 가능해서 아이들과 방문해보는걸 추천드려요!❤️픽업장소 디엠주세요⠀⠀ 🍇옥천 포도밭 그 사나이 샤인머스켓🍇👉🏻 중량 : 2kg 1박스 (중량따라 3수, 4수)👉🏻 가격 : 30,000원👉🏻 합배송비1박스, 2박스 : 5,000원3박스 : 8,000원4박스 : 10,000원 🎁추석선물세트 예약공지(100세트 한정)🎁추석선물용으로 고급스런 공단보자기에국화매듭이나 태슬장식으로 준비됩니다.컬러는 랜덤으로 들어가며 추가비용은 1박스당  5,000원입니다 :-)▪️ 추석선물세트 발송기간9/25 월요일 출고영업일 기준 2-3일 소요택배사 물량따라 지연될수 있어일찍이 보내드리는점 양해해주세요🙏   #샤인머스캣공구#옥천샤인머스캣#망고포도#추석선물추천",0,17933670032729677,9.0,CAROUSEL_ALBUM,,https://www.instagram.com/p/Cw60zbwvN1t/,2023-09-08T05:29:45+0000,"{'data': [{'id': '18003222815055523'}, {'id': '18306223162129282'}, {'id': '17969566223610302'}, {'id': '18004866250979173'}, {'id': '18003939457996106'}, {'id': '17981327570455380'}, {'id': '18023530450589165'}, {'id': '18202844968265554'}, {'id': '17843485341062861'}, {'id': '18385467508011099'}]}"
62,"공구)❥ [도시농장] 샤인머스캣로얄벌꿀고구마로 인기 끌었던 도시농장의 야심작,샤인머스캣 오픈했어요 :)빼빼마켓 단골 고객님께서는이미 [도시농장]의 품질 인정해주시죠?고구마 공구할때도 품질이 좋지않으면 보내지 않고 좋은 상태일때만 선별 보내주시는 점을 높이사서 업체를 믿고 몇달간 꾸준히 진행해왔었어요.과일이야말로 동네 마트에서 쉽게 사드실 수야 있지만요즘 고객 니즈는 하나를 먹더라도 맛있는 제품을 찾아드시잖아요?씨알 굵고, 싱싱하고, 당도높은 프리미엄 샤인머스캣을빼빼마켓이 가져왔답니다!장마철 날씨에도 평균당도 16브릭스 이상 자랑하는달고 맛있는 [특등품]으로 보내드려요 - ""잘 물러질 수 있는데 과일 다 터져서 오면 어떻게해요?""걱정은 NONONO~~!! 저도 받아보고 엄청 놀랬어요.(아무리 두들겨패도 상처 안날만큼) 딴딴한 샤인머스캣 전용 에어캡 포장안에 쏙 들어가있는 샤인☆받아보시면 '와..이러면 택배기사님이 던져도 살아남겠네..'생각 드실겁니당 >ㅁ<달콤 과즙 퐝퐝~~ 제철 과일 샤인머스캣!선물용으로도 넘 좋아요 - 맛있는 제품으로 꼬오옥 드셔보세요 ^^★후숙 꼬~~옥 해주세요!!───────────────────────[ ★빼빼마켓 9월 구매 이벤트★ ]♠ 이벤트 선물 ♠✓ 1등 헤라 파워부스팅 스페셜 세트 2종 (1명)✓ 2등 바비브라운 크러쉬드 리퀴드 립 (3명) ✓ 3등 라무르 천연 유황비누 (5명)( 팔로우 필수, 참여자가 많으면 늘려 뽑아볼게요 :D )☛ 참여 방법 ❶ bbaebbae9020 계정 [팔로우] ❷ 이벤트피드에 [구매날짜], [구매한 제품명],[폰 뒷번호] 남기기❸ 9월 초 발표ex) 9/1 샤인머스캣 , 1234 ───────────────────────✅샤인머스캣 효능과 장점❶눈에 좋은 안토시아닌이 풍부 - 눈의 피로 줄여주고 시력 보호❷체지방 분해, 몸속의 노폐물을 배출해주며 부종을 막아 다이어트에 도움❸혈액의 흐름을 원활하게 하여 피가 뭉치는 것을 방지해주며 피를 깨끗하게 만들어줌✅백화점 입점상품, 그 이상의 품질 : 1수 기준 600그람 이상의 특등품만을 취급해요. 선물하기에도 넘 좋아요!✅보장된 평균당도의 달콤함16~18brix. 후숙해서 드시면 훨~~씬 더 맛있어요!✅국내 최대 포도산지, 경북산 샤인머스캣✅샤인머스캣전용 에어캡 포장✅옵션- 샤인머스캣 1.3kg 내외 / 2수- 샤인머스캣 2kg 내외 / 3수✅무료배송 ✅롯데택배, 평일 오전 주문건에 한하여 익일 배송✅농산품은 단순변심 및 부주의로 인한 상품훼손 시 반품/교환 처리 힘들어요.상품에 문제가 있을 경우 사진 촬영 후 주문자 성함과 함께 고객센터로 남겨주세요.판매자와 협의 절차 후 반품,교환(자동수거) 진행하셔야 처리되세요!✅주문 마감시간(17:00) 이후 출고된 상품은 취소 및 반품 어려워요.✅구매: 프로필 링크 클릭해주세요bbaebbae9020 #샤인머스캣 #샤인머스캣공구 #도시농장 #도시농장샤인머스캣 #아기간식 #유아간식 #어린이간식 #임산부간식 #수유부간식 #집들이선물 #상견례선물 #부모님선물 #부모님간식 #샤인머스켓 #답례품공구 #답례품추천 #샤인머스켓공구 #아이간식 #아이영양제 #캠핑간식 #하원후간식 #콤부차공구 #퓨레공구 #과일공구 #과일바구니 #추석선물세트 #아기간식추천 #탕후루 #추석선물 #명절선물세트",0,17949347720673485,0.0,IMAGE,https://scontent-ssn1-1.cdninstagram.com/v/t51.29350-15/375279585_994314551775828_5992204984876643364_n.jpg?_nc_cat=103&ccb=1-7&_nc_sid=8ae9d6&_nc_ohc=dkUw8U6nmxYAX8Fj-x7&_nc_ht=scontent-ssn1-1.cdninstagram.com&edm=AEoDcc0EAAAA&oh=00_AfDXvRHCTJ3JUzIDzMmKMZ1RO0_lkl3LZov99PAqdgKZVQ&oe=6500A60F,https://www.instagram.com/p/Cw60JHjBpAs/,2023-09-08T05:23:58+0000,
63,🔥오이탕후루 먹을 칭구 ㅎ🔥밤달이네 신상탕후루 오이맛탕후루 🥒🥒성공하고 오이헤이러 칭구칭구에게 보내쟈~😜@@오이탕후루 먹이고 싶은 친구 태그하기⬇️⬇️더 많은 릴스게임을 원해?!⬇️⬇️baamgom_toon baamgom_toon baamgom_toon #인기릴스 #못잡겠지 #약오르지 #탕후루 #탕후루만들기 #오이탕후루 #오이헤이러 #딸기 #샤인머스캣 #내기 #릴스게임#reels #reelsgame,7,17891594804894782,23.0,VIDEO,https://scontent-ssn1-1.cdninstagram.com/o1/v/t16/f1/m82/534E7E8408B6AB1A2D49A45736422892_video_dashinit.mp4?efg=eyJ2ZW5jb2RlX3RhZyI6InZ0c192b2RfdXJsZ2VuLjcyMC5jbGlwcyJ9&_nc_ht=scontent-ssn1-1.cdninstagram.com&_nc_cat=110&vs=737350498115913_411874559&_nc_vs=HBksFQIYT2lnX3hwdl9yZWVsc19wZXJtYW5lbnRfcHJvZC81MzRFN0U4NDA4QjZBQjFBMkQ0OUE0NTczNjQyMjg5Ml92aWRlb19kYXNoaW5pdC5tcDQVAALIAQAVABgkR0lsVlp4Wk5ac1MzdnFZQ0FCeE5UalZwX1VCZ2JxX0VBQUFGFQICyAEAKAAYABsBiAd1c2Vfb2lsATEVAAAmtpWx%2F8Sy9T8VAigCQzMsF0ALDEm6XjU%2FGBJkYXNoX2Jhc2VsaW5lXzFfdjERAHUAAA%3D%3D&ccb=9-4&oh=00_AfCSc8GKlILDM3edBFgLEJkb93eGDA3w0usofeV7Xxfazw&oe=64FC4324&_nc_sid=1d576d&_nc_rid=63fe6fa6d1,https://www.instagram.com/reel/Cw6x8nYrKKy/,2023-09-08T05:16:41+0000,
64,샤인머스켓 씨리얼 한 번 보실까요??~~,1,18157388455292775,4.0,VIDEO,https://scontent-ssn1-1.cdninstagram.com/o1/v/t16/f1/m82/0F45C9DCAA5F9D08F2DC4F601C725993_video_dashinit.mp4?efg=eyJ2ZW5jb2RlX3RhZyI6InZ0c192b2RfdXJsZ2VuLjcyMC5jbGlwcyJ9&_nc_ht=scontent-ssn1-1.cdninstagram.com&_nc_cat=101&vs=6701690726584335_1241319096&_nc_vs=HBksFQIYT2lnX3hwdl9yZWVsc19wZXJtYW5lbnRfcHJvZC8wRjQ1QzlEQ0FBNUY5RDA4RjJEQzRGNjAxQzcyNTk5M192aWRlb19kYXNoaW5pdC5tcDQVAALIAQAVABgkR01GQVpoWkZZZGNlWjVnREFJRmhNYmhXSHZRYWJxX0VBQUFGFQICyAEAKAAYABsBiAd1c2Vfb2lsATEVAAAmuKHlie%2FJvD8VAigCQzMsF0AtIcrAgxJvGBJkYXNoX2Jhc2VsaW5lXzFfdjERAHUAAA%3D%3D&ccb=9-4&oh=00_AfDxiiGkrTblNC-s2ssmcweYy5p7LkIMa6ZGMG1r8US_tA&oe=64FCC532&_nc_sid=1d576d&_nc_rid=140f3299fe,https://www.instagram.com/reel/Cw6yiQFrEvR/,2023-09-08T05:10:46+0000,
65,"2023.9.7 다이어트 기록 ♡ 식단 기록 1. 점심 - 커피 크림치즈 쿠키 & 그릭요거트 & 샤인머스캣 & 고구마 말랭이 & 아이스라떼,아메리카노 2. 저녁 -  치킨 가라아게 & 사과 & 고구마 말랭이 ♡ 운동 기록 1. 공복 걷기 5.4km2. 공복 사이클 38분3. 공복 홈트 39분4. 지압 훌라후프 1시간 11분 5. 홈트 18분6. 걷기 2.4kn7. 지압 훌라후프 1시간 28분 8. 홈트 34분안과에 치과까지 다녀옴😨토끼랑 마무리 홈트 같이 함#홈카페 #홈카페놀이 #커피크림치즈쿠키 #아메리칸쿠키 #쿠키 #그릭요거트 #샤인머스캣 #고구마말랭이 #아이스라떼 #치킨가라아게 #사과",0,18032991580576082,4.0,CAROUSEL_ALBUM,,https://www.instagram.com/p/Cw6yh7Wvzi7/,2023-09-08T05:09:53+0000,"{'data': [{'id': '17998928447300109'}, {'id': '17954612168526603'}, {'id': '18058766893444811'}, {'id': '17989480007252718'}, {'id': '18026409616718904'}, {'id': '17970696428390145'}]}"
66,"공구)❥ [도시농장] 샤인머스캣로얄벌꿀고구마로 인기 끌었던 도시농장의 야심작,샤인머스캣 오픈했어요 :)빼빼마켓 단골 고객님께서는이미 [도시농장]의 품질 인정해주시죠?고구마 공구할때도 품질이 좋지않으면 보내지 않고 좋은 상태일때만 선별 보내주시는 점을 높이사서 업체를 믿고 몇달간 꾸준히 진행해왔었어요.과일이야말로 동네 마트에서 쉽게 사드실 수야 있지만요즘 고객 니즈는 하나를 먹더라도 맛있는 제품을 찾아드시잖아요?씨알 굵고, 싱싱하고, 당도높은 프리미엄 샤인머스캣을빼빼마켓이 가져왔답니다!장마철 날씨에도 평균당도 16브릭스 이상 자랑하는달고 맛있는 [특등품]으로 보내드려요 - ""잘 물러질 수 있는데 과일 다 터져서 오면 어떻게해요?""걱정은 NONONO~~!! 저도 받아보고 엄청 놀랬어요.(아무리 두들겨패도 상처 안날만큼) 딴딴한 샤인머스캣 전용 에어캡 포장안에 쏙 들어가있는 샤인☆받아보시면 '와..이러면 택배기사님이 던져도 살아남겠네..'생각 드실겁니당 >ㅁ<달콤 과즙 퐝퐝~~ 제철 과일 샤인머스캣!선물용으로도 넘 좋아요 - 맛있는 제품으로 꼬오옥 드셔보세요 ^^★후숙 꼬~~옥 해주세요!!───────────────────────[ ★빼빼마켓 9월 구매 이벤트★ ]♠ 이벤트 선물 ♠✓ 1등 헤라 파워부스팅 스페셜 세트 2종 (1명)✓ 2등 바비브라운 크러쉬드 리퀴드 립 (3명) ✓ 3등 라무르 천연 유황비누 (5명)( 팔로우 필수, 참여자가 많으면 늘려 뽑아볼게요 :D )☛ 참여 방법 ❶ bbaebbae9020 계정 [팔로우] ❷ 이벤트피드에 [구매날짜], [구매한 제품명],[폰 뒷번호] 남기기❸ 9월 초 발표ex) 9/1 샤인머스캣 , 1234 ───────────────────────✅샤인머스캣 효능과 장점❶눈에 좋은 안토시아닌이 풍부 - 눈의 피로 줄여주고 시력 보호❷체지방 분해, 몸속의 노폐물을 배출해주며 부종을 막아 다이어트에 도움❸혈액의 흐름을 원활하게 하여 피가 뭉치는 것을 방지해주며 피를 깨끗하게 만들어줌✅백화점 입점상품, 그 이상의 품질 : 1수 기준 600그람 이상의 특등품만을 취급해요. 선물하기에도 넘 좋아요!✅보장된 평균당도의 달콤함16~18brix. 후숙해서 드시면 훨~~씬 더 맛있어요!✅국내 최대 포도산지, 경북산 샤인머스캣✅샤인머스캣전용 에어캡 포장✅옵션- 샤인머스캣 1.3kg 내외 / 2수- 샤인머스캣 2kg 내외 / 3수✅무료배송 ✅롯데택배, 평일 오전 주문건에 한하여 익일 배송✅농산품은 단순변심 및 부주의로 인한 상품훼손 시 반품/교환 처리 힘들어요.상품에 문제가 있을 경우 사진 촬영 후 주문자 성함과 함께 고객센터로 남겨주세요.판매자와 협의 절차 후 반품,교환(자동수거) 진행하셔야 처리되세요!✅주문 마감시간(17:00) 이후 출고된 상품은 취소 및 반품 어려워요.✅구매: 프로필 링크 클릭해주세요bbaebbae9020 #샤인머스캣 #샤인머스캣공구 #도시농장 #도시농장샤인머스캣 #아기간식 #유아간식 #어린이간식 #임산부간식 #수유부간식 #집들이선물 #상견례선물 #부모님선물 #부모님간식 #샤인머스켓 #답례품공구 #답례품추천 #샤인머스켓공구 #아이간식 #아이영양제 #캠핑간식 #하원후간식 #콤부차공구 #퓨레공구 #과일공구 #과일바구니 #추석선물세트 #아기간식추천 #탕후루 #추석선물 #명절선물세트",0,17986427999142378,1.0,IMAGE,https://scontent-ssn1-1.cdninstagram.com/v/t51.29350-15/375718589_1541966503208865_338506180819673489_n.jpg?_nc_cat=109&ccb=1-7&_nc_sid=8ae9d6&_nc_ohc=m-EHtMJQu70AX_MYtdW&_nc_ht=scontent-ssn1-1.cdninstagram.com&edm=AEoDcc0EAAAA&oh=00_AfC5arQt0P1i_hDD_U6cTnD5VJ7d_6VLyN-LOQfbWx8OFg&oe=64FF21AE,https://www.instagram.com/p/Cw6xMg8RQh0/,2023-09-08T04:58:13+0000,
67,#오늘 #와인추천 #와인 #브렌탈 #화이트와인 #아이스와인 같으면서도 #리슬링 같으면서도 #향긋한 #포도주스 같으면서도? 정말 #맛있는와인 #마셔보고깜놀 요즘 #샤인머스캣 과 화이트와인을 #마리아주 해서 먹는게 #낙 인데...어떤 #과일 과도 너무 잘 어울리는 #브렌탈화이트와인 #브렌탈은신세계 ~화니Tip 과일에 올리브유를 뿌려서 같이 먹으니 더 맛있다 ㅎ#wine #whitewine #winelover #brenntal #lovelywine #italy🇮🇹 #abccorporation #winecollection,2,18122833699309542,,CAROUSEL_ALBUM,,https://www.instagram.com/p/Cw6xEBTyFyg/,2023-09-08T04:57:03+0000,"{'data': [{'id': '17982916016204713'}, {'id': '17950119998558461'}, {'id': '17970154991402677'}, {'id': '18005345311948133'}, {'id': '18030946180595238'}]}"
68,#협찬 ⠀⠀과일귀신 은남매의 최애과일은 샤인머스캣🍇💚⠀동네과일집에서 구매하면 알크기도작고 당도도 떨어져서⠀프레쉬마켓 한남 꿀구슬 샤인머스캣 주문해봤어요 ⠀한남동 더힐 옆에서 10년가까이 운영된 과일맛집인⠀프레쉬마켓 한남은 연예인들도 자주 찾는곳으로⠀주문 후 농장에서 직배송 되는만큼⠀최상의 신선도를 자랑하는데요 !크기에 1차 놀라고 맛에 2차 놀라버렸어요(ºoºι)⠀⠀과일의 당도를 나타내는 브릭스!⠀꿀구슬 샤인머스캣은 최소 18브릭스 이상만 출고되어⠀정말 달달하고 아삭아삭~~⠀한송이가 아이들 얼굴보다 크고 무거워서⠀한그릇 담아주면 포만감까지 😛⠀⠀씨가 없어서 아이들 먹기에도 너무 좋고⠀요거트에 넣어먹어도 한끼 간식으로 충분!⠀추석선물이나 집들이 선물로 준비해도 좋아요⠀⠀🌈프레쉬마켓한남 스토어 오픈기념 이벤트⠀- 구매후 베스트 포토리뷰어 5명추첨 네이버 1만포인트지급⠀- 배송비 무료 (기간한정)⠀⠀freshmarket_hannam #프레쉬마켓한남 #한남동과일 #산지직송 #과일추천⠀#샤인머스캣 #샤인머스캣주문 #과일선물 #아이들과일,2,17867983910942861,,CAROUSEL_ALBUM,,https://www.instagram.com/p/Cw6wVK4JWEq/,2023-09-08T04:50:40+0000,"{'data': [{'id': '17998107857110014'}, {'id': '17871641435969807'}, {'id': '18312549340100948'}, {'id': '18246900019200682'}, {'id': '18274623694196473'}, {'id': '18197282758280395'}, {'id': '17985444023158556'}, {'id': '17851140873044160'}]}"
69,안녕하세요 헬시파파입니다.곧 #추석이 다가오고 있어요~어느때보다 풍요롭게 보내시라고정성껏 과일선물세트를 준비했어요질좋은 상품과 착한가격으로가족과 지인에게  감사의 마음을 전하시길 바랍니다.#추석#한가위#선물#과일#과일선물세트#샤인머스캣#사과#배#망고#혼합과일#헬시파파#가성비#내마음#감사#인사#가족#친지,0,17934256208633483,2.0,IMAGE,https://scontent-ssn1-1.cdninstagram.com/v/t51.29350-15/376228266_1309459742998064_652866378571656843_n.heic?stp=dst-jpg&_nc_cat=106&ccb=1-7&_nc_sid=8ae9d6&_nc_ohc=zGLkndKtIEMAX8oIqhP&_nc_ht=scontent-ssn1-1.cdninstagram.com&edm=AEoDcc0EAAAA&oh=00_AfBQfJfl4AWsqEQMBD9UE8-rEjasxukYIwX9kWxmFYzEaw&oe=65002D7F,https://www.instagram.com/p/Cw6wHcOS-po/,2023-09-08T04:48:47+0000,
70,"화성시민이라 좋은 점✨️👉 맛있는 로컬푸드 과일이 있다.(특히 이 맘 때 나오는 샤인머스캣👍, 봄겨울엔 딸기👍)더욱 신선하고 맛있는 과일을 준비해드릴 수 있어서 화성이 좋아요.🥰🍰오늘도 맛있는 디저트들과 함께 마카레베이킹에서 뵈어요!💕9월 8일 금요일 마카레베이킹 디저트 라인업- 💕 마카롱 14종*자주 반복라인👉 바닐라인절미, 망고, 쿠키앤크림, 레드벨벳, 솔티캐러멜, 초코범벅브라우니, 티라미수, 더블치즈, 초코우유청크*순서대로 반복라인👉 아몬드봉봉, 흑떡쏙떡, 녹차티라미수, 크림치즈무화과, 시나몬- 💕 빵(12시~1시)- 소금빵- 크로아상- 흠뻑연유빵- 💕 파운드케이크 2종- 바닐라화이트초콜릿 파운드케이크- 다크초콜릿 파운드케이크- 💕 타르트- 호두파이- 피칸파이- 💕 쿠키- 머랭쿠키(솜사탕)- 버터쿠키(바닐라, 초코, 얼그레이)- 초코칩아몬드쌀쿠키- 💕 그 외- 마들렌(초코, 레몬, 얼그레이)- 카스레라(꿀쌀, 쑥) *쌀가루로 만들어요. :)♡- 💕케이크 - 당근케이크(조각)🥕 - 망고파인애플생크림케이크(조각)🥭🍍 - 무화과생크림케이크(조각) - 샤인머스캣생크림케이크(조각)* 홀케이크는 최소 1일전(다음날 오후 4시 이후 픽업 가능), 2일(오전 10시30분부터 픽업 가능) 예약 필수 *#마카롱맛집 #마카레베이킹 #디저트카페",2,18042464740512145,12.0,IMAGE,https://scontent-ssn1-1.cdninstagram.com/v/t51.29350-15/375536421_323840106705295_2623086093256600525_n.heic?stp=dst-jpg&_nc_cat=108&ccb=1-7&_nc_sid=8ae9d6&_nc_ohc=S5T70Wp5vhkAX_YtFFz&_nc_oc=AQkLOa--iUe3MGt-uExxkdZ104DODq5jrHTGAvRkC2fpO-_OkLkF-RlLKEa6EpMVkaY&_nc_ht=scontent-ssn1-1.cdninstagram.com&edm=AEoDcc0EAAAA&oh=00_AfBu9zROVTOpO1kbprxN33vDWAFTduTdTXWqAgzMQE5i9w&oe=64FF0504,https://www.instagram.com/p/Cw6vOnMJ3T6/,2023-09-08T04:41:02+0000,
71,"공구)❥ [도시농장] 샤인머스캣로얄벌꿀고구마로 인기 끌었던 도시농장의 야심작,샤인머스캣 오픈했어요 :)빼빼마켓 단골 고객님께서는이미 [도시농장]의 품질 인정해주시죠?고구마 공구할때도 품질이 좋지않으면 보내지 않고 좋은 상태일때만 선별 보내주시는 점을 높이사서 업체를 믿고 몇달간 꾸준히 진행해왔었어요.과일이야말로 동네 마트에서 쉽게 사드실 수야 있지만요즘 고객 니즈는 하나를 먹더라도 맛있는 제품을 찾아드시잖아요?씨알 굵고, 싱싱하고, 당도높은 프리미엄 샤인머스캣을빼빼마켓이 가져왔답니다!장마철 날씨에도 평균당도 16브릭스 이상 자랑하는달고 맛있는 [특등품]으로 보내드려요 - ""잘 물러질 수 있는데 과일 다 터져서 오면 어떻게해요?""걱정은 NONONO~~!! 저도 받아보고 엄청 놀랬어요.(아무리 두들겨패도 상처 안날만큼) 딴딴한 샤인머스캣 전용 에어캡 포장안에 쏙 들어가있는 샤인☆받아보시면 '와..이러면 택배기사님이 던져도 살아남겠네..'생각 드실겁니당 >ㅁ<달콤 과즙 퐝퐝~~ 제철 과일 샤인머스캣!선물용으로도 넘 좋아요 - 맛있는 제품으로 꼬오옥 드셔보세요 ^^★후숙 꼬~~옥 해주세요!!───────────────────────[ ★빼빼마켓 9월 구매 이벤트★ ]♠ 이벤트 선물 ♠✓ 1등 헤라 파워부스팅 스페셜 세트 2종 (1명)✓ 2등 바비브라운 크러쉬드 리퀴드 립 (3명) ✓ 3등 라무르 천연 유황비누 (5명)( 팔로우 필수, 참여자가 많으면 늘려 뽑아볼게요 :D )☛ 참여 방법 ❶ bbaebbae9020 계정 [팔로우] ❷ 이벤트피드에 [구매날짜], [구매한 제품명],[폰 뒷번호] 남기기❸ 9월 초 발표ex) 9/1 샤인머스캣 , 1234 ───────────────────────✅샤인머스캣 효능과 장점❶눈에 좋은 안토시아닌이 풍부 - 눈의 피로 줄여주고 시력 보호❷체지방 분해, 몸속의 노폐물을 배출해주며 부종을 막아 다이어트에 도움❸혈액의 흐름을 원활하게 하여 피가 뭉치는 것을 방지해주며 피를 깨끗하게 만들어줌✅백화점 입점상품, 그 이상의 품질 : 1수 기준 600그람 이상의 특등품만을 취급해요. 선물하기에도 넘 좋아요!✅보장된 평균당도의 달콤함16~18brix. 후숙해서 드시면 훨~~씬 더 맛있어요!✅국내 최대 포도산지, 경북산 샤인머스캣✅샤인머스캣전용 에어캡 포장✅옵션- 샤인머스캣 1.3kg 내외 / 2수- 샤인머스캣 2kg 내외 / 3수✅무료배송 ✅롯데택배, 평일 오전 주문건에 한하여 익일 배송✅농산품은 단순변심 및 부주의로 인한 상품훼손 시 반품/교환 처리 힘들어요.상품에 문제가 있을 경우 사진 촬영 후 주문자 성함과 함께 고객센터로 남겨주세요.판매자와 협의 절차 후 반품,교환(자동수거) 진행하셔야 처리되세요!✅주문 마감시간(17:00) 이후 출고된 상품은 취소 및 반품 어려워요.✅구매: 프로필 링크 클릭해주세요bbaebbae9020 #샤인머스캣 #샤인머스캣공구 #도시농장 #도시농장샤인머스캣 #아기간식 #유아간식 #어린이간식 #임산부간식 #수유부간식 #집들이선물 #상견례선물 #부모님선물 #부모님간식 #샤인머스켓 #답례품공구 #답례품추천 #샤인머스켓공구 #아이간식 #아이영양제 #캠핑간식 #하원후간식 #콤부차공구 #퓨레공구 #과일공구 #과일바구니 #추석선물세트 #아기간식추천 #탕후루 #추석선물 #명절선물세트",0,17945872790693913,0.0,IMAGE,https://scontent-ssn1-1.cdninstagram.com/v/t51.29350-15/376280427_617141370597029_263405733868691539_n.jpg?_nc_cat=100&ccb=1-7&_nc_sid=8ae9d6&_nc_ohc=UGnymx8upLcAX_evK_o&_nc_ht=scontent-ssn1-1.cdninstagram.com&edm=AEoDcc0EAAAA&oh=00_AfDHNF--LNtErbBe6ms55dBDUIKxhnAZMOb48eRIW4ChBQ&oe=65004588,https://www.instagram.com/p/Cw6ueLbSPtV/,2023-09-08T04:34:25+0000,
72,#샤인머스켓은더이룸농장 ♥️ 안̆̈녕̆̈하̆̈세요 ♥ #더이룸농장 #샤인머스캣 에 토마토랑 부라타치즈만 추가하면 곱디고운 #샤인머스켓샐러드 완성돼요 ˚‧｡♥｡‧˚ 보기에 예쁘니까 #손님초대요리 #집들이음식 으로 딱! 이라고 생각됩니다 #다이어트음식 #한그릇요리 로 한끼 뚝딱 해도 좋구요 >< 이래저래 활용도 높은 #더이룸농장샤인머스캣 은 사랑입니다아 '◡',0,17993292278483340,,IMAGE,https://scontent-ssn1-1.cdninstagram.com/v/t51.29350-15/375619358_208033602049032_4840017001652722439_n.jpg?_nc_cat=100&ccb=1-7&_nc_sid=8ae9d6&_nc_ohc=UW7S__ASmwQAX_OIv4p&_nc_ht=scontent-ssn1-1.cdninstagram.com&edm=AEoDcc0EAAAA&oh=00_AfAMnjT8bw6eRxFaW8UpqySLqvS815zwVL6awgi-ul-J9A&oe=650003A9,https://www.instagram.com/p/Cw6uVmzJhrn/,2023-09-08T04:33:15+0000,
73,지금까지 먹어본 포도중에 가장 달았던 #샤인머스캣 노래질때까지 안따고 두면 제일 맛있다함.. 보관기간이 짧아져서 유통은 안됨. 농장에서만 맛볼수있음,0,18032610517525189,29.0,CAROUSEL_ALBUM,,https://www.instagram.com/p/Cw6t3VaPHTi/,2023-09-08T04:29:07+0000,"{'data': [{'id': '18006252652822818'}, {'id': '18099407062347705'}, {'id': '18088533106364899'}, {'id': '17864051798993536'}, {'id': '18079112524389906'}, {'id': '18004659490993273'}, {'id': '18029285218537440'}]}"
74,#재단소식 #도농상생 #후기이벤트 #안내2023년 도농상생 프로젝트3차 제철 농산물 체험 후기 이벤트 사전 안내.3차 제철농산물 체험 활동이 끝나고 후기를 작성해 주시는 분들께제철 농산물 꾸러미를 선물로 드립니다~😆😆😆개인 SNS 또는 화성푸드통합지원센터 홈페이지를 통해 참여 가능합니다.자세한 사항은 2페이지의 내용을 확인해 주세요~(❁´◡`❁),2,17981415614413476,12.0,CAROUSEL_ALBUM,,https://www.instagram.com/p/Cw6ty2MxP_3/,2023-09-08T04:28:30+0000,"{'data': [{'id': '18234473254210663'}, {'id': '18298493356139582'}]}"
75,"#진주_추석선물_전문점_카페옴마 추석 시즌 본격적으로 스타트 하겠습니다💪💪💪카페옴마 추석명절선물세트 라인업 구상중입니다👋단품과일선물세트(배,사과,샤인머스캣,멜론,태추단감,복숭아,등등)#2023년_카페옴마_추석과일선물세트⬆️추석명절과일선물세트확인하러가기⬆️사전예약고객님은 풍성한 한가위되세요 토퍼 서비스😍카페옴마는 항상 고객과 소통하며 싱싱한과일 좋은과일로 보답해 드리겠습니다‼️‼️🍊당일 경매받은 싱싱한 제철과일을 듬뿍👌🥭저렴한 가격에 퀄리티는 최고👌🍇진주전지역 배송가능👌(배달비별도👌)⬇️싱싱한과일 확인하러가기⬇️https://band.us/cafeomma(네이버밴드카페옴마)싱싱한 과일을 가득가득 담아드리겠습니다👌👌👌(🍇🍈🍉🍊🍋🍌🍍🥭🍎🍏🍑🍒🍓🥝🍅🥑)미리 예약부탁드립니다☎️☎️☎️(카페옴마 745-2702) 010 3591 7833 메세지문의..#카페옴마 #카페옴마푸룻 #추석선물 #추석선물세트 #추석선물예약 #부모님선물 #과일세트 #시댁선물 #친정선물 #진주맛집 #진주과일 #진주과일가게 #진주과일바구니 #진주과일상자 #진주과일도매  #예단과일 #예단과일세트  #중앙청과35번  #과일바구니 #과일상자 #가성비선물 #사과 #배 #메론 #샤인머스캣 #진주맛집 #진주추석선물세트 #진주추석선물",0,17982519350518837,7.0,IMAGE,https://scontent-ssn1-1.cdninstagram.com/v/t51.29350-15/376265186_675517827967316_1392602685328200589_n.heic?stp=dst-jpg&_nc_cat=101&ccb=1-7&_nc_sid=8ae9d6&_nc_ohc=HNQy3Wf0ZhEAX-Q13kh&_nc_ht=scontent-ssn1-1.cdninstagram.com&edm=AEoDcc0EAAAA&oh=00_AfC-9GN9h5ExZ68N0-iDdSpIT6m9fJRQ5FtQdlEV9jhWcQ&oe=64FF98DE,https://www.instagram.com/p/Cw66YmJPBZt/,2023-09-08T06:18:31+0000,
76,스스로 잘하고 있다 생각하다가도어느순간 돈이 필요할때가 오면돈을 모으지 않고 쓰기에만 급급했던지나간 시간들을 후회하고모자란 만큼은 대출을 받아쓰며더 힘든 시간을 보내게 되겠죠선택은 나의 몫입니다빠르게 변화하는 시대에빠르게 파악하여흐름을 제대로 읽으셔야 합니다궁금하신분들은 프로필하단카카오톡 오픈톡으로 1:1 문의주세요!!,1,17893956113871510,0.0,IMAGE,https://scontent-ssn1-1.cdninstagram.com/v/t51.29350-15/375621173_324978729996818_5535801108888249376_n.webp?stp=dst-jpg&_nc_cat=108&ccb=1-7&_nc_sid=8ae9d6&_nc_ohc=FwfJVmgUsxUAX_gdfrI&_nc_ht=scontent-ssn1-1.cdninstagram.com&edm=AEoDcc0EAAAA&oh=00_AfAmFtM91swSoSN5iBp3DW-zfjpwYO1L3f92meqC8uPQlg&oe=65009819,https://www.instagram.com/p/Cw65y6OR7VY/,2023-09-08T06:13:22+0000,
77,"샤인머스캣 미니생크림 💚100% 동물성 생크림으로 느끼하지 않고,샌딩과일도 통으로 들어가서생과일 가득 넘 맛있는 생크림케이크 예요 🫠주문 감사합니다 🫶케이크 주문은 2~3일 전 매장전화또는 DM으로 문의주세요 💌031 407 8702#안산카페 #안산케이크 #안산생크림케이크 #생과일케이크 #샤인머스캣 #샤인머스캣생크림케이크 #안산케이크주문 #안산케이크예약 #안산케이크맛집 #케이크주문 #생크림케이크 #미니케이크 #안산카페투어 #나드커피 #nadcoffee",2,17989680503093263,13.0,IMAGE,https://scontent-ssn1-1.cdninstagram.com/v/t51.29350-15/375588504_301829232537661_4453081949724796309_n.jpg?_nc_cat=108&ccb=1-7&_nc_sid=8ae9d6&_nc_ohc=_uQ1J_VhhIMAX8RIKrN&_nc_ht=scontent-ssn1-1.cdninstagram.com&edm=AEoDcc0EAAAA&oh=00_AfDteg-xNsN8196s18Abb0wdZIixZPsFC2uQiJobFokqkQ&oe=6500437B,https://www.instagram.com/p/Cw65mK1SNKJ/,2023-09-08T06:11:37+0000,
78,": Cafe,Ränġ : Roastery & Dessert9월 8일 금요일🌞카페랑 11시에 매장과 배민 모두 활짝 오픈했습니다🤗무화과생크림케이크와 반반케이크주문해 주셔서 준비해 드렸습니다믿고 주문해 주셔서 감사드립니다🙇🏻‍♀️🫶🏻🩷주말 동안에도 홀케이크 예약 많이 해주셨어요믿고 맡겨주신 만큼 맛있고 예쁘게 준비해 드릴게요🤍오늘도 랑카페 저녁 8시까지매장 환하게 밝히며 열어둘게요😻지나가시는길 편하게 들러 주세요✨✨✨🔸홀케이크 및 답례품, 수제쿠키 단체주문 편하게 문의주세요🔸원두, 드립백, 수제쿠키 선물포장 가능합니다🔸매장 운영과 함께 하고있어 답변이 늦어질 수 있습니다🔸배달의민족 운영중",2,17920139744700007,17.0,IMAGE,https://scontent-ssn1-1.cdninstagram.com/v/t51.29350-15/376225892_813342164127837_137107889461139479_n.jpg?_nc_cat=108&ccb=1-7&_nc_sid=8ae9d6&_nc_ohc=6_E-MVRzvbkAX9gOPC0&_nc_ht=scontent-ssn1-1.cdninstagram.com&edm=AEoDcc0EAAAA&oh=00_AfCgHNItmX2Jk3qU3x3BsLvkh9HpgBbatMQbjBf95021aw&oe=64FFC780,https://www.instagram.com/p/Cw65WTAL9u-/,2023-09-08T06:09:27+0000,
79,선선-더움-선선 가을이 오고있다몽!나무엔 벌써 은행 폭탄이 만들어진다몽!?!?#damong2  #damong_land  #다몽이#사막여우 #캐릭터 #드로잉 #그림스타그램 #가을 #은행 #은행나무 #선선 #더움 #바람#다들 #바닥 #잘봐요 #은행폭탄 #fall#나무 #샤인머스캣 #탕후루 #아니야 #🪵 #🍂,0,18023561581654443,2.0,IMAGE,https://scontent-ssn1-1.cdninstagram.com/v/t51.29350-15/375522098_320202227075141_3118740366924770876_n.heic?stp=dst-jpg&_nc_cat=106&ccb=1-7&_nc_sid=8ae9d6&_nc_ohc=WIu8pQnOM9MAX9f5LYD&_nc_ht=scontent-ssn1-1.cdninstagram.com&edm=AEoDcc0EAAAA&oh=00_AfBDRIlA-1srdcxiY5tfK36SObs2pL3-J0760vnkVWvCpA&oe=65008AC9,https://www.instagram.com/p/Cw65PqKryZZ/,2023-09-08T06:08:33+0000,
80,"안녕하세요 ! #달가네포도밭 입니다.드디어 네이버스토어가 오픈되었습니다 🫶✅️네이버검색 👉 [달가네포도밭]✅️인스타 프로필 링크 클릭 ⭕️2023, #달가네 #샤인머스캣 주문받을게요 ~~!!네이버스토어 오픈을 통해 카드결제도 가능하니 많은 주문 부탁드려요 :)문의사항은 DM 부탁드립니다 😉 #김천 #김천포도 #샤인택배 #샤인머스켓 #포도택배 #농사스타그램 #김천샤인 #김천샤인머스켓 #김천샤인머스캣#푸드스타그램 #맛있다그램 #먹스타 #맛스타그램 #샤인머스캣공구#먹부림 #먹스타그램 #과일  #과일스타그램 #jmt #포도맛집 #맛있다 #존맛 #망고포도 #맛집 #먹스타맞팔 #먹팔 #맘스타그램 #달가네 #샤인머스캣",1,17996771960135039,11.0,CAROUSEL_ALBUM,,https://www.instagram.com/p/Cw637ugxsaC/,2023-09-08T05:57:05+0000,"{'data': [{'id': '18022997146677693'}, {'id': '17978025389308987'}]}"
81,포도는 씨발라먹는게 귀찮아서 좋아하지 않는다. 샤인머스캣은 그런면에서 획기적이었다. 며칠전 샤인머스켓이 비싼 과일이라는걸 알게되었다 ㅋㅋ 오늘 약국 손님께서 선물이라면서 주고 가셨다. 넙죽!!!!!!!! 잘한것은 없지만 “어우 감사합니다! “#샤인머스켓 #샤인머스캣 #귀하다는 #손님의선물💝#뭐이런걸다 #넙죽 #거절못하는성격 #달리기스타그램 #이지런 #10km #즐거달리기 #약국약사,0,17999769928922233,5.0,IMAGE,https://scontent-ssn1-1.cdninstagram.com/v/t51.29350-15/376009448_281091801300513_1008418539654612968_n.jpg?_nc_cat=103&ccb=1-7&_nc_sid=8ae9d6&_nc_ohc=S3oW_KnFlfUAX8f-lyR&_nc_ht=scontent-ssn1-1.cdninstagram.com&edm=AEoDcc0EAAAA&oh=00_AfA5yGXS_sWfg4yFrjlY3XJ29H_1KTZGDDmeZn9268pH1A&oe=64FF17E9,https://www.instagram.com/p/Cw633e6L6bB/,2023-09-08T05:56:31+0000,
82,카페몬지 샤인머스캣 빙수!:) 현대백화점에 입점해있는 카페몬지💚상큼 달달한 샤인 머스캣 빙수 추천🙏🏻티라미수도 맛있었어요!,1,18013942555865377,7.0,IMAGE,https://scontent-ssn1-1.cdninstagram.com/v/t51.29350-15/376073641_272889015609598_1173818996360584026_n.jpg?_nc_cat=105&ccb=1-7&_nc_sid=8ae9d6&_nc_ohc=GS5lUkwQUzUAX8TkbtV&_nc_ht=scontent-ssn1-1.cdninstagram.com&edm=AEoDcc0EAAAA&oh=00_AfBHi23libsbcGqL09P-dZHeMQ5qQJFz2C1iKqk30_Xjxg&oe=64FEE792,https://www.instagram.com/p/Cw62usHyupj/,2023-09-08T05:46:34+0000,
83,"[요셉이네 샤인머스켓 OPEN]1대 할아버지 추천 PICK! 고심 또 고심끝에 선보이는 고당도 샤인머스켓!!💖안녕하세요 요셉이네 농장입니다.👨‍🌾믿고 먹는 요셉이네가 오랫동안 준비하며 올해 처음 선보이는 샤인머스켓입니다.경북영천 하면 포도 복숭아죠...!오랜기간 할아버지와 함께 공판장, 도매시장, 근처 포도농사 하시는 농부님들 샤인까지...!싹~다 먹어보고 고르고 골랐습니다.산지직송 고당도 신선한 샤인머스캣!실패하지말고 요셉이네에서 드세요 :)-오늘부터 스토어를 통해 샤인머스켓의 예약주문이 시작되며, 처음으로 요셉이네농장에서 지역 APC, 농업인들과의 교류를 통해 고당도 과일들을 한정된 수량으로 제공합니다.<샤인머스켓>-2수 (1~2kg)-4수 (2.5~ 3kg)발송은 9월 10일 부터 순차적으로 진행될 예정이며, 오늘부터 3일, “예약판매기간” 동안 2천원 할인된 가격에 주문이가능합니다......#샤인머스켓 #샤인머스캣 #포도 #망고포도 #청포도 #포도농장 #농장직거래 #산지직송 #믿고먹는 #요셉이네복숭아",3,17981281817435898,,CAROUSEL_ALBUM,,https://www.instagram.com/p/Cw62tmvLj1y/,2023-09-08T05:46:25+0000,"{'data': [{'id': '17966862638470435'}, {'id': '18028966894556557'}, {'id': '17923521146681651'}, {'id': '17859021575981824'}]}"
84,#샤인머스캣신랑이 마눌 좋아하는거라고 주문해주심근데 울집 윤양이 더 많이 먹을듯,1,18033595030566413,3.0,IMAGE,https://scontent-ssn1-1.cdninstagram.com/v/t51.29350-15/376037105_962886034769145_3062328014534268860_n.webp?stp=dst-jpg&_nc_cat=104&ccb=1-7&_nc_sid=8ae9d6&_nc_ohc=Pu5I_OYdNuoAX9t3Sdi&_nc_ht=scontent-ssn1-1.cdninstagram.com&edm=AEoDcc0EAAAA&oh=00_AfCT8xhtPk7UfSAkJFKpQPur0Zz35cCc9kwGZWiw6M9-cw&oe=64FFF642,https://www.instagram.com/p/Cw62TOiRhDy/,2023-09-08T05:42:49+0000,
85,시럽만드는데 ㅡ눈알같이 징그럽넹.........#탕후루#샤인머스캣#시럽만들기,3,18016363642754494,10.0,CAROUSEL_ALBUM,,https://www.instagram.com/p/Cw61tmqvco5/,2023-09-08T05:37:41+0000,"{'data': [{'id': '17982362396378737'}, {'id': '17855120925000896'}]}"
86,"#샤인머스캣⠀⠀⠀가을바람 솔솔 불어오면 어김없이 생각나죠??9월의 샤인머스캣 공구오픈합니다:)매 공구때마다 몇백박스가 출고되었는데도 큰사고 없이 잘도착해준 샤인이들!늘 맛있다고 맛보장해주시는 고객님들을 위해가격 착하게 왔어요~당일 3시이전 주문시, 익일 출고🚚추석 선물용도 함께 오픈하니 문의주셔요:)  충북 옥천에 위치한 농장에서도 픽업이 가능해요!직접픽업은 샤인머스캣의 컨디션도 볼수있고 맛보기도 가능해서 아이들과 방문해보는걸 추천드려요!❤️픽업장소 디엠주세요⠀⠀ 🍇옥천 포도밭 그 사나이 샤인머스켓🍇👉🏻 중량 : 2kg 1박스 (중량따라 3수, 4수)👉🏻 가격 : 30,000원👉🏻 합배송비1박스, 2박스 : 5,000원3박스 : 8,000원4박스 : 10,000원 🎁추석선물세트 예약공지(100세트 한정)🎁추석선물용으로 고급스런 공단보자기에국화매듭이나 태슬장식으로 준비됩니다.컬러는 랜덤으로 들어가며 추가비용은 1박스당  5,000원입니다 :-)▪️ 추석선물세트 발송기간9/25 월요일 출고영업일 기준 2-3일 소요택배사 물량따라 지연될수 있어일찍이 보내드리는점 양해해주세요🙏   #샤인머스캣공구#옥천샤인머스캣#망고포도#추석선물추천",0,17933670032729677,9.0,CAROUSEL_ALBUM,,https://www.instagram.com/p/Cw60zbwvN1t/,2023-09-08T05:29:45+0000,"{'data': [{'id': '18003222815055523'}, {'id': '18306223162129282'}, {'id': '17969566223610302'}, {'id': '18004866250979173'}, {'id': '18003939457996106'}, {'id': '17981327570455380'}, {'id': '18023530450589165'}, {'id': '18202844968265554'}, {'id': '17843485341062861'}, {'id': '18385467508011099'}]}"
87,"공구)❥ [도시농장] 샤인머스캣로얄벌꿀고구마로 인기 끌었던 도시농장의 야심작,샤인머스캣 오픈했어요 :)빼빼마켓 단골 고객님께서는이미 [도시농장]의 품질 인정해주시죠?고구마 공구할때도 품질이 좋지않으면 보내지 않고 좋은 상태일때만 선별 보내주시는 점을 높이사서 업체를 믿고 몇달간 꾸준히 진행해왔었어요.과일이야말로 동네 마트에서 쉽게 사드실 수야 있지만요즘 고객 니즈는 하나를 먹더라도 맛있는 제품을 찾아드시잖아요?씨알 굵고, 싱싱하고, 당도높은 프리미엄 샤인머스캣을빼빼마켓이 가져왔답니다!장마철 날씨에도 평균당도 16브릭스 이상 자랑하는달고 맛있는 [특등품]으로 보내드려요 - ""잘 물러질 수 있는데 과일 다 터져서 오면 어떻게해요?""걱정은 NONONO~~!! 저도 받아보고 엄청 놀랬어요.(아무리 두들겨패도 상처 안날만큼) 딴딴한 샤인머스캣 전용 에어캡 포장안에 쏙 들어가있는 샤인☆받아보시면 '와..이러면 택배기사님이 던져도 살아남겠네..'생각 드실겁니당 >ㅁ<달콤 과즙 퐝퐝~~ 제철 과일 샤인머스캣!선물용으로도 넘 좋아요 - 맛있는 제품으로 꼬오옥 드셔보세요 ^^★후숙 꼬~~옥 해주세요!!───────────────────────[ ★빼빼마켓 9월 구매 이벤트★ ]♠ 이벤트 선물 ♠✓ 1등 헤라 파워부스팅 스페셜 세트 2종 (1명)✓ 2등 바비브라운 크러쉬드 리퀴드 립 (3명) ✓ 3등 라무르 천연 유황비누 (5명)( 팔로우 필수, 참여자가 많으면 늘려 뽑아볼게요 :D )☛ 참여 방법 ❶ bbaebbae9020 계정 [팔로우] ❷ 이벤트피드에 [구매날짜], [구매한 제품명],[폰 뒷번호] 남기기❸ 9월 초 발표ex) 9/1 샤인머스캣 , 1234 ───────────────────────✅샤인머스캣 효능과 장점❶눈에 좋은 안토시아닌이 풍부 - 눈의 피로 줄여주고 시력 보호❷체지방 분해, 몸속의 노폐물을 배출해주며 부종을 막아 다이어트에 도움❸혈액의 흐름을 원활하게 하여 피가 뭉치는 것을 방지해주며 피를 깨끗하게 만들어줌✅백화점 입점상품, 그 이상의 품질 : 1수 기준 600그람 이상의 특등품만을 취급해요. 선물하기에도 넘 좋아요!✅보장된 평균당도의 달콤함16~18brix. 후숙해서 드시면 훨~~씬 더 맛있어요!✅국내 최대 포도산지, 경북산 샤인머스캣✅샤인머스캣전용 에어캡 포장✅옵션- 샤인머스캣 1.3kg 내외 / 2수- 샤인머스캣 2kg 내외 / 3수✅무료배송 ✅롯데택배, 평일 오전 주문건에 한하여 익일 배송✅농산품은 단순변심 및 부주의로 인한 상품훼손 시 반품/교환 처리 힘들어요.상품에 문제가 있을 경우 사진 촬영 후 주문자 성함과 함께 고객센터로 남겨주세요.판매자와 협의 절차 후 반품,교환(자동수거) 진행하셔야 처리되세요!✅주문 마감시간(17:00) 이후 출고된 상품은 취소 및 반품 어려워요.✅구매: 프로필 링크 클릭해주세요bbaebbae9020 #샤인머스캣 #샤인머스캣공구 #도시농장 #도시농장샤인머스캣 #아기간식 #유아간식 #어린이간식 #임산부간식 #수유부간식 #집들이선물 #상견례선물 #부모님선물 #부모님간식 #샤인머스켓 #답례품공구 #답례품추천 #샤인머스켓공구 #아이간식 #아이영양제 #캠핑간식 #하원후간식 #콤부차공구 #퓨레공구 #과일공구 #과일바구니 #추석선물세트 #아기간식추천 #탕후루 #추석선물 #명절선물세트",0,17949347720673485,0.0,IMAGE,https://scontent-ssn1-1.cdninstagram.com/v/t51.29350-15/375279585_994314551775828_5992204984876643364_n.jpg?_nc_cat=103&ccb=1-7&_nc_sid=8ae9d6&_nc_ohc=dkUw8U6nmxYAX8Fj-x7&_nc_ht=scontent-ssn1-1.cdninstagram.com&edm=AEoDcc0EAAAA&oh=00_AfDXvRHCTJ3JUzIDzMmKMZ1RO0_lkl3LZov99PAqdgKZVQ&oe=6500A60F,https://www.instagram.com/p/Cw60JHjBpAs/,2023-09-08T05:23:58+0000,
88,🔥오이탕후루 먹을 칭구 ㅎ🔥밤달이네 신상탕후루 오이맛탕후루 🥒🥒성공하고 오이헤이러 칭구칭구에게 보내쟈~😜@@오이탕후루 먹이고 싶은 친구 태그하기⬇️⬇️더 많은 릴스게임을 원해?!⬇️⬇️baamgom_toon baamgom_toon baamgom_toon #인기릴스 #못잡겠지 #약오르지 #탕후루 #탕후루만들기 #오이탕후루 #오이헤이러 #딸기 #샤인머스캣 #내기 #릴스게임#reels #reelsgame,7,17891594804894782,23.0,VIDEO,https://scontent-ssn1-1.cdninstagram.com/o1/v/t16/f1/m82/534E7E8408B6AB1A2D49A45736422892_video_dashinit.mp4?efg=eyJ2ZW5jb2RlX3RhZyI6InZ0c192b2RfdXJsZ2VuLjcyMC5jbGlwcyJ9&_nc_ht=scontent-ssn1-1.cdninstagram.com&_nc_cat=110&vs=737350498115913_411874559&_nc_vs=HBksFQIYT2lnX3hwdl9yZWVsc19wZXJtYW5lbnRfcHJvZC81MzRFN0U4NDA4QjZBQjFBMkQ0OUE0NTczNjQyMjg5Ml92aWRlb19kYXNoaW5pdC5tcDQVAALIAQAVABgkR0lsVlp4Wk5ac1MzdnFZQ0FCeE5UalZwX1VCZ2JxX0VBQUFGFQICyAEAKAAYABsBiAd1c2Vfb2lsATEVAAAmtpWx%2F8Sy9T8VAigCQzMsF0ALDEm6XjU%2FGBJkYXNoX2Jhc2VsaW5lXzFfdjERAHUAAA%3D%3D&ccb=9-4&oh=00_AfCSc8GKlILDM3edBFgLEJkb93eGDA3w0usofeV7Xxfazw&oe=64FC4324&_nc_sid=1d576d&_nc_rid=9037dbd6da,https://www.instagram.com/reel/Cw6x8nYrKKy/,2023-09-08T05:16:41+0000,
89,샤인머스켓 씨리얼 한 번 보실까요??~~,1,18157388455292775,4.0,VIDEO,https://scontent-ssn1-1.cdninstagram.com/o1/v/t16/f1/m82/0F45C9DCAA5F9D08F2DC4F601C725993_video_dashinit.mp4?efg=eyJ2ZW5jb2RlX3RhZyI6InZ0c192b2RfdXJsZ2VuLjcyMC5jbGlwcyJ9&_nc_ht=scontent-ssn1-1.cdninstagram.com&_nc_cat=101&vs=6701690726584335_1241319096&_nc_vs=HBksFQIYT2lnX3hwdl9yZWVsc19wZXJtYW5lbnRfcHJvZC8wRjQ1QzlEQ0FBNUY5RDA4RjJEQzRGNjAxQzcyNTk5M192aWRlb19kYXNoaW5pdC5tcDQVAALIAQAVABgkR01GQVpoWkZZZGNlWjVnREFJRmhNYmhXSHZRYWJxX0VBQUFGFQICyAEAKAAYABsBiAd1c2Vfb2lsATEVAAAmuKHlie%2FJvD8VAigCQzMsF0AtIcrAgxJvGBJkYXNoX2Jhc2VsaW5lXzFfdjERAHUAAA%3D%3D&ccb=9-4&oh=00_AfDxiiGkrTblNC-s2ssmcweYy5p7LkIMa6ZGMG1r8US_tA&oe=64FCC532&_nc_sid=1d576d&_nc_rid=0277679d30,https://www.instagram.com/reel/Cw6yiQFrEvR/,2023-09-08T05:10:46+0000,
90,"2023.9.7 다이어트 기록 ♡ 식단 기록 1. 점심 - 커피 크림치즈 쿠키 & 그릭요거트 & 샤인머스캣 & 고구마 말랭이 & 아이스라떼,아메리카노 2. 저녁 -  치킨 가라아게 & 사과 & 고구마 말랭이 ♡ 운동 기록 1. 공복 걷기 5.4km2. 공복 사이클 38분3. 공복 홈트 39분4. 지압 훌라후프 1시간 11분 5. 홈트 18분6. 걷기 2.4kn7. 지압 훌라후프 1시간 28분 8. 홈트 34분안과에 치과까지 다녀옴😨토끼랑 마무리 홈트 같이 함#홈카페 #홈카페놀이 #커피크림치즈쿠키 #아메리칸쿠키 #쿠키 #그릭요거트 #샤인머스캣 #고구마말랭이 #아이스라떼 #치킨가라아게 #사과",0,18032991580576082,4.0,CAROUSEL_ALBUM,,https://www.instagram.com/p/Cw6yh7Wvzi7/,2023-09-08T05:09:53+0000,"{'data': [{'id': '17998928447300109'}, {'id': '17954612168526603'}, {'id': '18058766893444811'}, {'id': '17989480007252718'}, {'id': '18026409616718904'}, {'id': '17970696428390145'}]}"
91,"공구)❥ [도시농장] 샤인머스캣로얄벌꿀고구마로 인기 끌었던 도시농장의 야심작,샤인머스캣 오픈했어요 :)빼빼마켓 단골 고객님께서는이미 [도시농장]의 품질 인정해주시죠?고구마 공구할때도 품질이 좋지않으면 보내지 않고 좋은 상태일때만 선별 보내주시는 점을 높이사서 업체를 믿고 몇달간 꾸준히 진행해왔었어요.과일이야말로 동네 마트에서 쉽게 사드실 수야 있지만요즘 고객 니즈는 하나를 먹더라도 맛있는 제품을 찾아드시잖아요?씨알 굵고, 싱싱하고, 당도높은 프리미엄 샤인머스캣을빼빼마켓이 가져왔답니다!장마철 날씨에도 평균당도 16브릭스 이상 자랑하는달고 맛있는 [특등품]으로 보내드려요 - ""잘 물러질 수 있는데 과일 다 터져서 오면 어떻게해요?""걱정은 NONONO~~!! 저도 받아보고 엄청 놀랬어요.(아무리 두들겨패도 상처 안날만큼) 딴딴한 샤인머스캣 전용 에어캡 포장안에 쏙 들어가있는 샤인☆받아보시면 '와..이러면 택배기사님이 던져도 살아남겠네..'생각 드실겁니당 >ㅁ<달콤 과즙 퐝퐝~~ 제철 과일 샤인머스캣!선물용으로도 넘 좋아요 - 맛있는 제품으로 꼬오옥 드셔보세요 ^^★후숙 꼬~~옥 해주세요!!───────────────────────[ ★빼빼마켓 9월 구매 이벤트★ ]♠ 이벤트 선물 ♠✓ 1등 헤라 파워부스팅 스페셜 세트 2종 (1명)✓ 2등 바비브라운 크러쉬드 리퀴드 립 (3명) ✓ 3등 라무르 천연 유황비누 (5명)( 팔로우 필수, 참여자가 많으면 늘려 뽑아볼게요 :D )☛ 참여 방법 ❶ bbaebbae9020 계정 [팔로우] ❷ 이벤트피드에 [구매날짜], [구매한 제품명],[폰 뒷번호] 남기기❸ 9월 초 발표ex) 9/1 샤인머스캣 , 1234 ───────────────────────✅샤인머스캣 효능과 장점❶눈에 좋은 안토시아닌이 풍부 - 눈의 피로 줄여주고 시력 보호❷체지방 분해, 몸속의 노폐물을 배출해주며 부종을 막아 다이어트에 도움❸혈액의 흐름을 원활하게 하여 피가 뭉치는 것을 방지해주며 피를 깨끗하게 만들어줌✅백화점 입점상품, 그 이상의 품질 : 1수 기준 600그람 이상의 특등품만을 취급해요. 선물하기에도 넘 좋아요!✅보장된 평균당도의 달콤함16~18brix. 후숙해서 드시면 훨~~씬 더 맛있어요!✅국내 최대 포도산지, 경북산 샤인머스캣✅샤인머스캣전용 에어캡 포장✅옵션- 샤인머스캣 1.3kg 내외 / 2수- 샤인머스캣 2kg 내외 / 3수✅무료배송 ✅롯데택배, 평일 오전 주문건에 한하여 익일 배송✅농산품은 단순변심 및 부주의로 인한 상품훼손 시 반품/교환 처리 힘들어요.상품에 문제가 있을 경우 사진 촬영 후 주문자 성함과 함께 고객센터로 남겨주세요.판매자와 협의 절차 후 반품,교환(자동수거) 진행하셔야 처리되세요!✅주문 마감시간(17:00) 이후 출고된 상품은 취소 및 반품 어려워요.✅구매: 프로필 링크 클릭해주세요bbaebbae9020 #샤인머스캣 #샤인머스캣공구 #도시농장 #도시농장샤인머스캣 #아기간식 #유아간식 #어린이간식 #임산부간식 #수유부간식 #집들이선물 #상견례선물 #부모님선물 #부모님간식 #샤인머스켓 #답례품공구 #답례품추천 #샤인머스켓공구 #아이간식 #아이영양제 #캠핑간식 #하원후간식 #콤부차공구 #퓨레공구 #과일공구 #과일바구니 #추석선물세트 #아기간식추천 #탕후루 #추석선물 #명절선물세트",0,17986427999142378,1.0,IMAGE,https://scontent-ssn1-1.cdninstagram.com/v/t51.29350-15/375718589_1541966503208865_338506180819673489_n.jpg?_nc_cat=109&ccb=1-7&_nc_sid=8ae9d6&_nc_ohc=m-EHtMJQu70AX_MYtdW&_nc_ht=scontent-ssn1-1.cdninstagram.com&edm=AEoDcc0EAAAA&oh=00_AfC5arQt0P1i_hDD_U6cTnD5VJ7d_6VLyN-LOQfbWx8OFg&oe=64FF21AE,https://www.instagram.com/p/Cw6xMg8RQh0/,2023-09-08T04:58:13+0000,
92,#오늘 #와인추천 #와인 #브렌탈 #화이트와인 #아이스와인 같으면서도 #리슬링 같으면서도 #향긋한 #포도주스 같으면서도? 정말 #맛있는와인 #마셔보고깜놀 요즘 #샤인머스캣 과 화이트와인을 #마리아주 해서 먹는게 #낙 인데...어떤 #과일 과도 너무 잘 어울리는 #브렌탈화이트와인 #브렌탈은신세계 ~화니Tip 과일에 올리브유를 뿌려서 같이 먹으니 더 맛있다 ㅎ#wine #whitewine #winelover #brenntal #lovelywine #italy🇮🇹 #abccorporation #winecollection,2,18122833699309542,,CAROUSEL_ALBUM,,https://www.instagram.com/p/Cw6xEBTyFyg/,2023-09-08T04:57:03+0000,"{'data': [{'id': '17982916016204713'}, {'id': '17950119998558461'}, {'id': '17970154991402677'}, {'id': '18005345311948133'}, {'id': '18030946180595238'}]}"
93,#협찬 ⠀⠀과일귀신 은남매의 최애과일은 샤인머스캣🍇💚⠀동네과일집에서 구매하면 알크기도작고 당도도 떨어져서⠀프레쉬마켓 한남 꿀구슬 샤인머스캣 주문해봤어요 ⠀한남동 더힐 옆에서 10년가까이 운영된 과일맛집인⠀프레쉬마켓 한남은 연예인들도 자주 찾는곳으로⠀주문 후 농장에서 직배송 되는만큼⠀최상의 신선도를 자랑하는데요 !크기에 1차 놀라고 맛에 2차 놀라버렸어요(ºoºι)⠀⠀과일의 당도를 나타내는 브릭스!⠀꿀구슬 샤인머스캣은 최소 18브릭스 이상만 출고되어⠀정말 달달하고 아삭아삭~~⠀한송이가 아이들 얼굴보다 크고 무거워서⠀한그릇 담아주면 포만감까지 😛⠀⠀씨가 없어서 아이들 먹기에도 너무 좋고⠀요거트에 넣어먹어도 한끼 간식으로 충분!⠀추석선물이나 집들이 선물로 준비해도 좋아요⠀⠀🌈프레쉬마켓한남 스토어 오픈기념 이벤트⠀- 구매후 베스트 포토리뷰어 5명추첨 네이버 1만포인트지급⠀- 배송비 무료 (기간한정)⠀⠀freshmarket_hannam #프레쉬마켓한남 #한남동과일 #산지직송 #과일추천⠀#샤인머스캣 #샤인머스캣주문 #과일선물 #아이들과일,2,17867983910942861,,CAROUSEL_ALBUM,,https://www.instagram.com/p/Cw6wVK4JWEq/,2023-09-08T04:50:40+0000,"{'data': [{'id': '17998107857110014'}, {'id': '17871641435969807'}, {'id': '18312549340100948'}, {'id': '18246900019200682'}, {'id': '18274623694196473'}, {'id': '18197282758280395'}, {'id': '17985444023158556'}, {'id': '17851140873044160'}]}"
94,안녕하세요 헬시파파입니다.곧 #추석이 다가오고 있어요~어느때보다 풍요롭게 보내시라고정성껏 과일선물세트를 준비했어요질좋은 상품과 착한가격으로가족과 지인에게  감사의 마음을 전하시길 바랍니다.#추석#한가위#선물#과일#과일선물세트#샤인머스캣#사과#배#망고#혼합과일#헬시파파#가성비#내마음#감사#인사#가족#친지,0,17934256208633483,2.0,IMAGE,https://scontent-ssn1-1.cdninstagram.com/v/t51.29350-15/376228266_1309459742998064_652866378571656843_n.heic?stp=dst-jpg&_nc_cat=106&ccb=1-7&_nc_sid=8ae9d6&_nc_ohc=zGLkndKtIEMAX8oIqhP&_nc_ht=scontent-ssn1-1.cdninstagram.com&edm=AEoDcc0EAAAA&oh=00_AfBQfJfl4AWsqEQMBD9UE8-rEjasxukYIwX9kWxmFYzEaw&oe=65002D7F,https://www.instagram.com/p/Cw6wHcOS-po/,2023-09-08T04:48:47+0000,
95,"화성시민이라 좋은 점✨️👉 맛있는 로컬푸드 과일이 있다.(특히 이 맘 때 나오는 샤인머스캣👍, 봄겨울엔 딸기👍)더욱 신선하고 맛있는 과일을 준비해드릴 수 있어서 화성이 좋아요.🥰🍰오늘도 맛있는 디저트들과 함께 마카레베이킹에서 뵈어요!💕9월 8일 금요일 마카레베이킹 디저트 라인업- 💕 마카롱 14종*자주 반복라인👉 바닐라인절미, 망고, 쿠키앤크림, 레드벨벳, 솔티캐러멜, 초코범벅브라우니, 티라미수, 더블치즈, 초코우유청크*순서대로 반복라인👉 아몬드봉봉, 흑떡쏙떡, 녹차티라미수, 크림치즈무화과, 시나몬- 💕 빵(12시~1시)- 소금빵- 크로아상- 흠뻑연유빵- 💕 파운드케이크 2종- 바닐라화이트초콜릿 파운드케이크- 다크초콜릿 파운드케이크- 💕 타르트- 호두파이- 피칸파이- 💕 쿠키- 머랭쿠키(솜사탕)- 버터쿠키(바닐라, 초코, 얼그레이)- 초코칩아몬드쌀쿠키- 💕 그 외- 마들렌(초코, 레몬, 얼그레이)- 카스레라(꿀쌀, 쑥) *쌀가루로 만들어요. :)♡- 💕케이크 - 당근케이크(조각)🥕 - 망고파인애플생크림케이크(조각)🥭🍍 - 무화과생크림케이크(조각) - 샤인머스캣생크림케이크(조각)* 홀케이크는 최소 1일전(다음날 오후 4시 이후 픽업 가능), 2일(오전 10시30분부터 픽업 가능) 예약 필수 *#마카롱맛집 #마카레베이킹 #디저트카페",2,18042464740512145,12.0,IMAGE,https://scontent-ssn1-1.cdninstagram.com/v/t51.29350-15/375536421_323840106705295_2623086093256600525_n.heic?stp=dst-jpg&_nc_cat=108&ccb=1-7&_nc_sid=8ae9d6&_nc_ohc=S5T70Wp5vhkAX_YtFFz&_nc_oc=AQkLOa--iUe3MGt-uExxkdZ104DODq5jrHTGAvRkC2fpO-_OkLkF-RlLKEa6EpMVkaY&_nc_ht=scontent-ssn1-1.cdninstagram.com&edm=AEoDcc0EAAAA&oh=00_AfBu9zROVTOpO1kbprxN33vDWAFTduTdTXWqAgzMQE5i9w&oe=64FF0504,https://www.instagram.com/p/Cw6vOnMJ3T6/,2023-09-08T04:41:02+0000,
96,"공구)❥ [도시농장] 샤인머스캣로얄벌꿀고구마로 인기 끌었던 도시농장의 야심작,샤인머스캣 오픈했어요 :)빼빼마켓 단골 고객님께서는이미 [도시농장]의 품질 인정해주시죠?고구마 공구할때도 품질이 좋지않으면 보내지 않고 좋은 상태일때만 선별 보내주시는 점을 높이사서 업체를 믿고 몇달간 꾸준히 진행해왔었어요.과일이야말로 동네 마트에서 쉽게 사드실 수야 있지만요즘 고객 니즈는 하나를 먹더라도 맛있는 제품을 찾아드시잖아요?씨알 굵고, 싱싱하고, 당도높은 프리미엄 샤인머스캣을빼빼마켓이 가져왔답니다!장마철 날씨에도 평균당도 16브릭스 이상 자랑하는달고 맛있는 [특등품]으로 보내드려요 - ""잘 물러질 수 있는데 과일 다 터져서 오면 어떻게해요?""걱정은 NONONO~~!! 저도 받아보고 엄청 놀랬어요.(아무리 두들겨패도 상처 안날만큼) 딴딴한 샤인머스캣 전용 에어캡 포장안에 쏙 들어가있는 샤인☆받아보시면 '와..이러면 택배기사님이 던져도 살아남겠네..'생각 드실겁니당 >ㅁ<달콤 과즙 퐝퐝~~ 제철 과일 샤인머스캣!선물용으로도 넘 좋아요 - 맛있는 제품으로 꼬오옥 드셔보세요 ^^★후숙 꼬~~옥 해주세요!!───────────────────────[ ★빼빼마켓 9월 구매 이벤트★ ]♠ 이벤트 선물 ♠✓ 1등 헤라 파워부스팅 스페셜 세트 2종 (1명)✓ 2등 바비브라운 크러쉬드 리퀴드 립 (3명) ✓ 3등 라무르 천연 유황비누 (5명)( 팔로우 필수, 참여자가 많으면 늘려 뽑아볼게요 :D )☛ 참여 방법 ❶ bbaebbae9020 계정 [팔로우] ❷ 이벤트피드에 [구매날짜], [구매한 제품명],[폰 뒷번호] 남기기❸ 9월 초 발표ex) 9/1 샤인머스캣 , 1234 ───────────────────────✅샤인머스캣 효능과 장점❶눈에 좋은 안토시아닌이 풍부 - 눈의 피로 줄여주고 시력 보호❷체지방 분해, 몸속의 노폐물을 배출해주며 부종을 막아 다이어트에 도움❸혈액의 흐름을 원활하게 하여 피가 뭉치는 것을 방지해주며 피를 깨끗하게 만들어줌✅백화점 입점상품, 그 이상의 품질 : 1수 기준 600그람 이상의 특등품만을 취급해요. 선물하기에도 넘 좋아요!✅보장된 평균당도의 달콤함16~18brix. 후숙해서 드시면 훨~~씬 더 맛있어요!✅국내 최대 포도산지, 경북산 샤인머스캣✅샤인머스캣전용 에어캡 포장✅옵션- 샤인머스캣 1.3kg 내외 / 2수- 샤인머스캣 2kg 내외 / 3수✅무료배송 ✅롯데택배, 평일 오전 주문건에 한하여 익일 배송✅농산품은 단순변심 및 부주의로 인한 상품훼손 시 반품/교환 처리 힘들어요.상품에 문제가 있을 경우 사진 촬영 후 주문자 성함과 함께 고객센터로 남겨주세요.판매자와 협의 절차 후 반품,교환(자동수거) 진행하셔야 처리되세요!✅주문 마감시간(17:00) 이후 출고된 상품은 취소 및 반품 어려워요.✅구매: 프로필 링크 클릭해주세요bbaebbae9020 #샤인머스캣 #샤인머스캣공구 #도시농장 #도시농장샤인머스캣 #아기간식 #유아간식 #어린이간식 #임산부간식 #수유부간식 #집들이선물 #상견례선물 #부모님선물 #부모님간식 #샤인머스켓 #답례품공구 #답례품추천 #샤인머스켓공구 #아이간식 #아이영양제 #캠핑간식 #하원후간식 #콤부차공구 #퓨레공구 #과일공구 #과일바구니 #추석선물세트 #아기간식추천 #탕후루 #추석선물 #명절선물세트",0,17945872790693913,0.0,IMAGE,https://scontent-ssn1-1.cdninstagram.com/v/t51.29350-15/376280427_617141370597029_263405733868691539_n.jpg?_nc_cat=100&ccb=1-7&_nc_sid=8ae9d6&_nc_ohc=UGnymx8upLcAX_evK_o&_nc_ht=scontent-ssn1-1.cdninstagram.com&edm=AEoDcc0EAAAA&oh=00_AfDHNF--LNtErbBe6ms55dBDUIKxhnAZMOb48eRIW4ChBQ&oe=65004588,https://www.instagram.com/p/Cw6ueLbSPtV/,2023-09-08T04:34:25+0000,
97,#샤인머스켓은더이룸농장 ♥️ 안̆̈녕̆̈하̆̈세요 ♥ #더이룸농장 #샤인머스캣 에 토마토랑 부라타치즈만 추가하면 곱디고운 #샤인머스켓샐러드 완성돼요 ˚‧｡♥｡‧˚ 보기에 예쁘니까 #손님초대요리 #집들이음식 으로 딱! 이라고 생각됩니다 #다이어트음식 #한그릇요리 로 한끼 뚝딱 해도 좋구요 >< 이래저래 활용도 높은 #더이룸농장샤인머스캣 은 사랑입니다아 '◡',0,17993292278483340,,IMAGE,https://scontent-ssn1-1.cdninstagram.com/v/t51.29350-15/375619358_208033602049032_4840017001652722439_n.jpg?_nc_cat=100&ccb=1-7&_nc_sid=8ae9d6&_nc_ohc=UW7S__ASmwQAX_OIv4p&_nc_ht=scontent-ssn1-1.cdninstagram.com&edm=AEoDcc0EAAAA&oh=00_AfAMnjT8bw6eRxFaW8UpqySLqvS815zwVL6awgi-ul-J9A&oe=650003A9,https://www.instagram.com/p/Cw6uVmzJhrn/,2023-09-08T04:33:15+0000,
98,지금까지 먹어본 포도중에 가장 달았던 #샤인머스캣 노래질때까지 안따고 두면 제일 맛있다함.. 보관기간이 짧아져서 유통은 안됨. 농장에서만 맛볼수있음,0,18032610517525189,29.0,CAROUSEL_ALBUM,,https://www.instagram.com/p/Cw6t3VaPHTi/,2023-09-08T04:29:07+0000,"{'data': [{'id': '18006252652822818'}, {'id': '18099407062347705'}, {'id': '18088533106364899'}, {'id': '17864051798993536'}, {'id': '18079112524389906'}, {'id': '18004659490993273'}, {'id': '18029285218537440'}]}"
99,#재단소식 #도농상생 #후기이벤트 #안내2023년 도농상생 프로젝트3차 제철 농산물 체험 후기 이벤트 사전 안내.3차 제철농산물 체험 활동이 끝나고 후기를 작성해 주시는 분들께제철 농산물 꾸러미를 선물로 드립니다~😆😆😆개인 SNS 또는 화성푸드통합지원센터 홈페이지를 통해 참여 가능합니다.자세한 사항은 2페이지의 내용을 확인해 주세요~(❁´◡`❁),2,17981415614413476,12.0,CAROUSEL_ALBUM,,https://www.instagram.com/p/Cw6ty2MxP_3/,2023-09-08T04:28:30+0000,"{'data': [{'id': '18234473254210663'}, {'id': '18298493356139582'}]}"
100,"#진주_추석선물_전문점_카페옴마 추석 시즌 본격적으로 스타트 하겠습니다💪💪💪카페옴마 추석명절선물세트 라인업 구상중입니다👋단품과일선물세트(배,사과,샤인머스캣,멜론,태추단감,복숭아,등등)#2023년_카페옴마_추석과일선물세트⬆️추석명절과일선물세트확인하러가기⬆️사전예약고객님은 풍성한 한가위되세요 토퍼 서비스😍카페옴마는 항상 고객과 소통하며 싱싱한과일 좋은과일로 보답해 드리겠습니다‼️‼️🍊당일 경매받은 싱싱한 제철과일을 듬뿍👌🥭저렴한 가격에 퀄리티는 최고👌🍇진주전지역 배송가능👌(배달비별도👌)⬇️싱싱한과일 확인하러가기⬇️https://band.us/cafeomma(네이버밴드카페옴마)싱싱한 과일을 가득가득 담아드리겠습니다👌👌👌(🍇🍈🍉🍊🍋🍌🍍🥭🍎🍏🍑🍒🍓🥝🍅🥑)미리 예약부탁드립니다☎️☎️☎️(카페옴마 745-2702) 010 3591 7833 메세지문의..#카페옴마 #카페옴마푸룻 #추석선물 #추석선물세트 #추석선물예약 #부모님선물 #과일세트 #시댁선물 #친정선물 #진주맛집 #진주과일 #진주과일가게 #진주과일바구니 #진주과일상자 #진주과일도매  #예단과일 #예단과일세트  #중앙청과35번  #과일바구니 #과일상자 #가성비선물 #사과 #배 #메론 #샤인머스캣 #진주맛집 #진주추석선물세트 #진주추석선물",0,17982519350518837,7.0,IMAGE,https://scontent-ssn1-1.cdninstagram.com/v/t51.29350-15/376265186_675517827967316_1392602685328200589_n.heic?stp=dst-jpg&_nc_cat=101&ccb=1-7&_nc_sid=8ae9d6&_nc_ohc=HNQy3Wf0ZhEAX-Q13kh&_nc_ht=scontent-ssn1-1.cdninstagram.com&edm=AEoDcc0EAAAA&oh=00_AfC-9GN9h5ExZ68N0-iDdSpIT6m9fJRQ5FtQdlEV9jhWcQ&oe=64FF98DE,https://www.instagram.com/p/Cw66YmJPBZt/,2023-09-08T06:18:31+0000,
101,스스로 잘하고 있다 생각하다가도어느순간 돈이 필요할때가 오면돈을 모으지 않고 쓰기에만 급급했던지나간 시간들을 후회하고모자란 만큼은 대출을 받아쓰며더 힘든 시간을 보내게 되겠죠선택은 나의 몫입니다빠르게 변화하는 시대에빠르게 파악하여흐름을 제대로 읽으셔야 합니다궁금하신분들은 프로필하단카카오톡 오픈톡으로 1:1 문의주세요!!,1,17893956113871510,0.0,IMAGE,https://scontent-ssn1-1.cdninstagram.com/v/t51.29350-15/375621173_324978729996818_5535801108888249376_n.webp?stp=dst-jpg&_nc_cat=108&ccb=1-7&_nc_sid=8ae9d6&_nc_ohc=FwfJVmgUsxUAX_gdfrI&_nc_ht=scontent-ssn1-1.cdninstagram.com&edm=AEoDcc0EAAAA&oh=00_AfAmFtM91swSoSN5iBp3DW-zfjpwYO1L3f92meqC8uPQlg&oe=65009819,https://www.instagram.com/p/Cw65y6OR7VY/,2023-09-08T06:13:22+0000,
102,"샤인머스캣 미니생크림 💚100% 동물성 생크림으로 느끼하지 않고,샌딩과일도 통으로 들어가서생과일 가득 넘 맛있는 생크림케이크 예요 🫠주문 감사합니다 🫶케이크 주문은 2~3일 전 매장전화또는 DM으로 문의주세요 💌031 407 8702#안산카페 #안산케이크 #안산생크림케이크 #생과일케이크 #샤인머스캣 #샤인머스캣생크림케이크 #안산케이크주문 #안산케이크예약 #안산케이크맛집 #케이크주문 #생크림케이크 #미니케이크 #안산카페투어 #나드커피 #nadcoffee",2,17989680503093263,13.0,IMAGE,https://scontent-ssn1-1.cdninstagram.com/v/t51.29350-15/375588504_301829232537661_4453081949724796309_n.jpg?_nc_cat=108&ccb=1-7&_nc_sid=8ae9d6&_nc_ohc=_uQ1J_VhhIMAX8RIKrN&_nc_ht=scontent-ssn1-1.cdninstagram.com&edm=AEoDcc0EAAAA&oh=00_AfDteg-xNsN8196s18Abb0wdZIixZPsFC2uQiJobFokqkQ&oe=6500437B,https://www.instagram.com/p/Cw65mK1SNKJ/,2023-09-08T06:11:37+0000,
103,": Cafe,Ränġ : Roastery & Dessert9월 8일 금요일🌞카페랑 11시에 매장과 배민 모두 활짝 오픈했습니다🤗무화과생크림케이크와 반반케이크주문해 주셔서 준비해 드렸습니다믿고 주문해 주셔서 감사드립니다🙇🏻‍♀️🫶🏻🩷주말 동안에도 홀케이크 예약 많이 해주셨어요믿고 맡겨주신 만큼 맛있고 예쁘게 준비해 드릴게요🤍오늘도 랑카페 저녁 8시까지매장 환하게 밝히며 열어둘게요😻지나가시는길 편하게 들러 주세요✨✨✨🔸홀케이크 및 답례품, 수제쿠키 단체주문 편하게 문의주세요🔸원두, 드립백, 수제쿠키 선물포장 가능합니다🔸매장 운영과 함께 하고있어 답변이 늦어질 수 있습니다🔸배달의민족 운영중",2,17920139744700007,17.0,IMAGE,https://scontent-ssn1-1.cdninstagram.com/v/t51.29350-15/376225892_813342164127837_137107889461139479_n.jpg?_nc_cat=108&ccb=1-7&_nc_sid=8ae9d6&_nc_ohc=6_E-MVRzvbkAX9gOPC0&_nc_ht=scontent-ssn1-1.cdninstagram.com&edm=AEoDcc0EAAAA&oh=00_AfCgHNItmX2Jk3qU3x3BsLvkh9HpgBbatMQbjBf95021aw&oe=64FFC780,https://www.instagram.com/p/Cw65WTAL9u-/,2023-09-08T06:09:27+0000,
104,선선-더움-선선 가을이 오고있다몽!나무엔 벌써 은행 폭탄이 만들어진다몽!?!?#damong2  #damong_land  #다몽이#사막여우 #캐릭터 #드로잉 #그림스타그램 #가을 #은행 #은행나무 #선선 #더움 #바람#다들 #바닥 #잘봐요 #은행폭탄 #fall#나무 #샤인머스캣 #탕후루 #아니야 #🪵 #🍂,0,18023561581654443,2.0,IMAGE,https://scontent-ssn1-1.cdninstagram.com/v/t51.29350-15/375522098_320202227075141_3118740366924770876_n.heic?stp=dst-jpg&_nc_cat=106&ccb=1-7&_nc_sid=8ae9d6&_nc_ohc=WIu8pQnOM9MAX9f5LYD&_nc_ht=scontent-ssn1-1.cdninstagram.com&edm=AEoDcc0EAAAA&oh=00_AfBDRIlA-1srdcxiY5tfK36SObs2pL3-J0760vnkVWvCpA&oe=65008AC9,https://www.instagram.com/p/Cw65PqKryZZ/,2023-09-08T06:08:33+0000,
105,"안녕하세요 ! #달가네포도밭 입니다.드디어 네이버스토어가 오픈되었습니다 🫶✅️네이버검색 👉 [달가네포도밭]✅️인스타 프로필 링크 클릭 ⭕️2023, #달가네 #샤인머스캣 주문받을게요 ~~!!네이버스토어 오픈을 통해 카드결제도 가능하니 많은 주문 부탁드려요 :)문의사항은 DM 부탁드립니다 😉 #김천 #김천포도 #샤인택배 #샤인머스켓 #포도택배 #농사스타그램 #김천샤인 #김천샤인머스켓 #김천샤인머스캣#푸드스타그램 #맛있다그램 #먹스타 #맛스타그램 #샤인머스캣공구#먹부림 #먹스타그램 #과일  #과일스타그램 #jmt #포도맛집 #맛있다 #존맛 #망고포도 #맛집 #먹스타맞팔 #먹팔 #맘스타그램 #달가네 #샤인머스캣",1,17996771960135039,11.0,CAROUSEL_ALBUM,,https://www.instagram.com/p/Cw637ugxsaC/,2023-09-08T05:57:05+0000,"{'data': [{'id': '18022997146677693'}, {'id': '17978025389308987'}]}"
106,포도는 씨발라먹는게 귀찮아서 좋아하지 않는다. 샤인머스캣은 그런면에서 획기적이었다. 며칠전 샤인머스켓이 비싼 과일이라는걸 알게되었다 ㅋㅋ 오늘 약국 손님께서 선물이라면서 주고 가셨다. 넙죽!!!!!!!! 잘한것은 없지만 “어우 감사합니다! “#샤인머스켓 #샤인머스캣 #귀하다는 #손님의선물💝#뭐이런걸다 #넙죽 #거절못하는성격 #달리기스타그램 #이지런 #10km #즐거달리기 #약국약사,0,17999769928922233,5.0,IMAGE,https://scontent-ssn1-1.cdninstagram.com/v/t51.29350-15/376009448_281091801300513_1008418539654612968_n.jpg?_nc_cat=103&ccb=1-7&_nc_sid=8ae9d6&_nc_ohc=S3oW_KnFlfUAX8f-lyR&_nc_ht=scontent-ssn1-1.cdninstagram.com&edm=AEoDcc0EAAAA&oh=00_AfA5yGXS_sWfg4yFrjlY3XJ29H_1KTZGDDmeZn9268pH1A&oe=64FF17E9,https://www.instagram.com/p/Cw633e6L6bB/,2023-09-08T05:56:31+0000,
107,카페몬지 샤인머스캣 빙수!:) 현대백화점에 입점해있는 카페몬지💚상큼 달달한 샤인 머스캣 빙수 추천🙏🏻티라미수도 맛있었어요!,1,18013942555865377,7.0,IMAGE,https://scontent-ssn1-1.cdninstagram.com/v/t51.29350-15/376073641_272889015609598_1173818996360584026_n.jpg?_nc_cat=105&ccb=1-7&_nc_sid=8ae9d6&_nc_ohc=GS5lUkwQUzUAX8TkbtV&_nc_ht=scontent-ssn1-1.cdninstagram.com&edm=AEoDcc0EAAAA&oh=00_AfBHi23libsbcGqL09P-dZHeMQ5qQJFz2C1iKqk30_Xjxg&oe=64FEE792,https://www.instagram.com/p/Cw62usHyupj/,2023-09-08T05:46:34+0000,
108,"[요셉이네 샤인머스켓 OPEN]1대 할아버지 추천 PICK! 고심 또 고심끝에 선보이는 고당도 샤인머스켓!!💖안녕하세요 요셉이네 농장입니다.👨‍🌾믿고 먹는 요셉이네가 오랫동안 준비하며 올해 처음 선보이는 샤인머스켓입니다.경북영천 하면 포도 복숭아죠...!오랜기간 할아버지와 함께 공판장, 도매시장, 근처 포도농사 하시는 농부님들 샤인까지...!싹~다 먹어보고 고르고 골랐습니다.산지직송 고당도 신선한 샤인머스캣!실패하지말고 요셉이네에서 드세요 :)-오늘부터 스토어를 통해 샤인머스켓의 예약주문이 시작되며, 처음으로 요셉이네농장에서 지역 APC, 농업인들과의 교류를 통해 고당도 과일들을 한정된 수량으로 제공합니다.<샤인머스켓>-2수 (1~2kg)-4수 (2.5~ 3kg)발송은 9월 10일 부터 순차적으로 진행될 예정이며, 오늘부터 3일, “예약판매기간” 동안 2천원 할인된 가격에 주문이가능합니다......#샤인머스켓 #샤인머스캣 #포도 #망고포도 #청포도 #포도농장 #농장직거래 #산지직송 #믿고먹는 #요셉이네복숭아",3,17981281817435898,,CAROUSEL_ALBUM,,https://www.instagram.com/p/Cw62tmvLj1y/,2023-09-08T05:46:25+0000,"{'data': [{'id': '17966862638470435'}, {'id': '18028966894556557'}, {'id': '17923521146681651'}, {'id': '17859021575981824'}]}"
109,#샤인머스캣신랑이 마눌 좋아하는거라고 주문해주심근데 울집 윤양이 더 많이 먹을듯,1,18033595030566413,3.0,IMAGE,https://scontent-ssn1-1.cdninstagram.com/v/t51.29350-15/376037105_962886034769145_3062328014534268860_n.webp?stp=dst-jpg&_nc_cat=104&ccb=1-7&_nc_sid=8ae9d6&_nc_ohc=Pu5I_OYdNuoAX9t3Sdi&_nc_ht=scontent-ssn1-1.cdninstagram.com&edm=AEoDcc0EAAAA&oh=00_AfCT8xhtPk7UfSAkJFKpQPur0Zz35cCc9kwGZWiw6M9-cw&oe=64FFF642,https://www.instagram.com/p/Cw62TOiRhDy/,2023-09-08T05:42:49+0000,
110,시럽만드는데 ㅡ눈알같이 징그럽넹.........#탕후루#샤인머스캣#시럽만들기,3,18016363642754494,10.0,CAROUSEL_ALBUM,,https://www.instagram.com/p/Cw61tmqvco5/,2023-09-08T05:37:41+0000,"{'data': [{'id': '17982362396378737'}, {'id': '17855120925000896'}]}"
111,"#샤인머스캣⠀⠀⠀가을바람 솔솔 불어오면 어김없이 생각나죠??9월의 샤인머스캣 공구오픈합니다:)매 공구때마다 몇백박스가 출고되었는데도 큰사고 없이 잘도착해준 샤인이들!늘 맛있다고 맛보장해주시는 고객님들을 위해가격 착하게 왔어요~당일 3시이전 주문시, 익일 출고🚚추석 선물용도 함께 오픈하니 문의주셔요:)  충북 옥천에 위치한 농장에서도 픽업이 가능해요!직접픽업은 샤인머스캣의 컨디션도 볼수있고 맛보기도 가능해서 아이들과 방문해보는걸 추천드려요!❤️픽업장소 디엠주세요⠀⠀ 🍇옥천 포도밭 그 사나이 샤인머스켓🍇👉🏻 중량 : 2kg 1박스 (중량따라 3수, 4수)👉🏻 가격 : 30,000원👉🏻 합배송비1박스, 2박스 : 5,000원3박스 : 8,000원4박스 : 10,000원 🎁추석선물세트 예약공지(100세트 한정)🎁추석선물용으로 고급스런 공단보자기에국화매듭이나 태슬장식으로 준비됩니다.컬러는 랜덤으로 들어가며 추가비용은 1박스당  5,000원입니다 :-)▪️ 추석선물세트 발송기간9/25 월요일 출고영업일 기준 2-3일 소요택배사 물량따라 지연될수 있어일찍이 보내드리는점 양해해주세요🙏   #샤인머스캣공구#옥천샤인머스캣#망고포도#추석선물추천",0,17933670032729677,9.0,CAROUSEL_ALBUM,,https://www.instagram.com/p/Cw60zbwvN1t/,2023-09-08T05:29:45+0000,"{'data': [{'id': '18003222815055523'}, {'id': '18306223162129282'}, {'id': '17969566223610302'}, {'id': '18004866250979173'}, {'id': '18003939457996106'}, {'id': '17981327570455380'}, {'id': '18023530450589165'}, {'id': '18202844968265554'}, {'id': '17843485341062861'}, {'id': '18385467508011099'}]}"
112,"공구)❥ [도시농장] 샤인머스캣로얄벌꿀고구마로 인기 끌었던 도시농장의 야심작,샤인머스캣 오픈했어요 :)빼빼마켓 단골 고객님께서는이미 [도시농장]의 품질 인정해주시죠?고구마 공구할때도 품질이 좋지않으면 보내지 않고 좋은 상태일때만 선별 보내주시는 점을 높이사서 업체를 믿고 몇달간 꾸준히 진행해왔었어요.과일이야말로 동네 마트에서 쉽게 사드실 수야 있지만요즘 고객 니즈는 하나를 먹더라도 맛있는 제품을 찾아드시잖아요?씨알 굵고, 싱싱하고, 당도높은 프리미엄 샤인머스캣을빼빼마켓이 가져왔답니다!장마철 날씨에도 평균당도 16브릭스 이상 자랑하는달고 맛있는 [특등품]으로 보내드려요 - ""잘 물러질 수 있는데 과일 다 터져서 오면 어떻게해요?""걱정은 NONONO~~!! 저도 받아보고 엄청 놀랬어요.(아무리 두들겨패도 상처 안날만큼) 딴딴한 샤인머스캣 전용 에어캡 포장안에 쏙 들어가있는 샤인☆받아보시면 '와..이러면 택배기사님이 던져도 살아남겠네..'생각 드실겁니당 >ㅁ<달콤 과즙 퐝퐝~~ 제철 과일 샤인머스캣!선물용으로도 넘 좋아요 - 맛있는 제품으로 꼬오옥 드셔보세요 ^^★후숙 꼬~~옥 해주세요!!───────────────────────[ ★빼빼마켓 9월 구매 이벤트★ ]♠ 이벤트 선물 ♠✓ 1등 헤라 파워부스팅 스페셜 세트 2종 (1명)✓ 2등 바비브라운 크러쉬드 리퀴드 립 (3명) ✓ 3등 라무르 천연 유황비누 (5명)( 팔로우 필수, 참여자가 많으면 늘려 뽑아볼게요 :D )☛ 참여 방법 ❶ bbaebbae9020 계정 [팔로우] ❷ 이벤트피드에 [구매날짜], [구매한 제품명],[폰 뒷번호] 남기기❸ 9월 초 발표ex) 9/1 샤인머스캣 , 1234 ───────────────────────✅샤인머스캣 효능과 장점❶눈에 좋은 안토시아닌이 풍부 - 눈의 피로 줄여주고 시력 보호❷체지방 분해, 몸속의 노폐물을 배출해주며 부종을 막아 다이어트에 도움❸혈액의 흐름을 원활하게 하여 피가 뭉치는 것을 방지해주며 피를 깨끗하게 만들어줌✅백화점 입점상품, 그 이상의 품질 : 1수 기준 600그람 이상의 특등품만을 취급해요. 선물하기에도 넘 좋아요!✅보장된 평균당도의 달콤함16~18brix. 후숙해서 드시면 훨~~씬 더 맛있어요!✅국내 최대 포도산지, 경북산 샤인머스캣✅샤인머스캣전용 에어캡 포장✅옵션- 샤인머스캣 1.3kg 내외 / 2수- 샤인머스캣 2kg 내외 / 3수✅무료배송 ✅롯데택배, 평일 오전 주문건에 한하여 익일 배송✅농산품은 단순변심 및 부주의로 인한 상품훼손 시 반품/교환 처리 힘들어요.상품에 문제가 있을 경우 사진 촬영 후 주문자 성함과 함께 고객센터로 남겨주세요.판매자와 협의 절차 후 반품,교환(자동수거) 진행하셔야 처리되세요!✅주문 마감시간(17:00) 이후 출고된 상품은 취소 및 반품 어려워요.✅구매: 프로필 링크 클릭해주세요bbaebbae9020 #샤인머스캣 #샤인머스캣공구 #도시농장 #도시농장샤인머스캣 #아기간식 #유아간식 #어린이간식 #임산부간식 #수유부간식 #집들이선물 #상견례선물 #부모님선물 #부모님간식 #샤인머스켓 #답례품공구 #답례품추천 #샤인머스켓공구 #아이간식 #아이영양제 #캠핑간식 #하원후간식 #콤부차공구 #퓨레공구 #과일공구 #과일바구니 #추석선물세트 #아기간식추천 #탕후루 #추석선물 #명절선물세트",0,17949347720673485,0.0,IMAGE,https://scontent-ssn1-1.cdninstagram.com/v/t51.29350-15/375279585_994314551775828_5992204984876643364_n.jpg?_nc_cat=103&ccb=1-7&_nc_sid=8ae9d6&_nc_ohc=dkUw8U6nmxYAX8Fj-x7&_nc_ht=scontent-ssn1-1.cdninstagram.com&edm=AEoDcc0EAAAA&oh=00_AfDXvRHCTJ3JUzIDzMmKMZ1RO0_lkl3LZov99PAqdgKZVQ&oe=6500A60F,https://www.instagram.com/p/Cw60JHjBpAs/,2023-09-08T05:23:58+0000,
113,🔥오이탕후루 먹을 칭구 ㅎ🔥밤달이네 신상탕후루 오이맛탕후루 🥒🥒성공하고 오이헤이러 칭구칭구에게 보내쟈~😜@@오이탕후루 먹이고 싶은 친구 태그하기⬇️⬇️더 많은 릴스게임을 원해?!⬇️⬇️baamgom_toon baamgom_toon baamgom_toon #인기릴스 #못잡겠지 #약오르지 #탕후루 #탕후루만들기 #오이탕후루 #오이헤이러 #딸기 #샤인머스캣 #내기 #릴스게임#reels #reelsgame,7,17891594804894782,23.0,VIDEO,https://scontent-ssn1-1.cdninstagram.com/o1/v/t16/f1/m82/534E7E8408B6AB1A2D49A45736422892_video_dashinit.mp4?efg=eyJ2ZW5jb2RlX3RhZyI6InZ0c192b2RfdXJsZ2VuLjcyMC5jbGlwcyJ9&_nc_ht=scontent-ssn1-1.cdninstagram.com&_nc_cat=110&vs=737350498115913_411874559&_nc_vs=HBksFQIYT2lnX3hwdl9yZWVsc19wZXJtYW5lbnRfcHJvZC81MzRFN0U4NDA4QjZBQjFBMkQ0OUE0NTczNjQyMjg5Ml92aWRlb19kYXNoaW5pdC5tcDQVAALIAQAVABgkR0lsVlp4Wk5ac1MzdnFZQ0FCeE5UalZwX1VCZ2JxX0VBQUFGFQICyAEAKAAYABsBiAd1c2Vfb2lsATEVAAAmtpWx%2F8Sy9T8VAigCQzMsF0ALDEm6XjU%2FGBJkYXNoX2Jhc2VsaW5lXzFfdjERAHUAAA%3D%3D&ccb=9-4&oh=00_AfCSc8GKlILDM3edBFgLEJkb93eGDA3w0usofeV7Xxfazw&oe=64FC4324&_nc_sid=1d576d&_nc_rid=18b935c6b7,https://www.instagram.com/reel/Cw6x8nYrKKy/,2023-09-08T05:16:41+0000,
114,샤인머스켓 씨리얼 한 번 보실까요??~~,1,18157388455292775,4.0,VIDEO,https://scontent-ssn1-1.cdninstagram.com/o1/v/t16/f1/m82/0F45C9DCAA5F9D08F2DC4F601C725993_video_dashinit.mp4?efg=eyJ2ZW5jb2RlX3RhZyI6InZ0c192b2RfdXJsZ2VuLjcyMC5jbGlwcyJ9&_nc_ht=scontent-ssn1-1.cdninstagram.com&_nc_cat=101&vs=6701690726584335_1241319096&_nc_vs=HBksFQIYT2lnX3hwdl9yZWVsc19wZXJtYW5lbnRfcHJvZC8wRjQ1QzlEQ0FBNUY5RDA4RjJEQzRGNjAxQzcyNTk5M192aWRlb19kYXNoaW5pdC5tcDQVAALIAQAVABgkR01GQVpoWkZZZGNlWjVnREFJRmhNYmhXSHZRYWJxX0VBQUFGFQICyAEAKAAYABsBiAd1c2Vfb2lsATEVAAAmuKHlie%2FJvD8VAigCQzMsF0AtIcrAgxJvGBJkYXNoX2Jhc2VsaW5lXzFfdjERAHUAAA%3D%3D&ccb=9-4&oh=00_AfDxiiGkrTblNC-s2ssmcweYy5p7LkIMa6ZGMG1r8US_tA&oe=64FCC532&_nc_sid=1d576d&_nc_rid=14ab79e4df,https://www.instagram.com/reel/Cw6yiQFrEvR/,2023-09-08T05:10:46+0000,
115,"2023.9.7 다이어트 기록 ♡ 식단 기록 1. 점심 - 커피 크림치즈 쿠키 & 그릭요거트 & 샤인머스캣 & 고구마 말랭이 & 아이스라떼,아메리카노 2. 저녁 -  치킨 가라아게 & 사과 & 고구마 말랭이 ♡ 운동 기록 1. 공복 걷기 5.4km2. 공복 사이클 38분3. 공복 홈트 39분4. 지압 훌라후프 1시간 11분 5. 홈트 18분6. 걷기 2.4kn7. 지압 훌라후프 1시간 28분 8. 홈트 34분안과에 치과까지 다녀옴😨토끼랑 마무리 홈트 같이 함#홈카페 #홈카페놀이 #커피크림치즈쿠키 #아메리칸쿠키 #쿠키 #그릭요거트 #샤인머스캣 #고구마말랭이 #아이스라떼 #치킨가라아게 #사과",0,18032991580576082,4.0,CAROUSEL_ALBUM,,https://www.instagram.com/p/Cw6yh7Wvzi7/,2023-09-08T05:09:53+0000,"{'data': [{'id': '17998928447300109'}, {'id': '17954612168526603'}, {'id': '18058766893444811'}, {'id': '17989480007252718'}, {'id': '18026409616718904'}, {'id': '17970696428390145'}]}"
116,"공구)❥ [도시농장] 샤인머스캣로얄벌꿀고구마로 인기 끌었던 도시농장의 야심작,샤인머스캣 오픈했어요 :)빼빼마켓 단골 고객님께서는이미 [도시농장]의 품질 인정해주시죠?고구마 공구할때도 품질이 좋지않으면 보내지 않고 좋은 상태일때만 선별 보내주시는 점을 높이사서 업체를 믿고 몇달간 꾸준히 진행해왔었어요.과일이야말로 동네 마트에서 쉽게 사드실 수야 있지만요즘 고객 니즈는 하나를 먹더라도 맛있는 제품을 찾아드시잖아요?씨알 굵고, 싱싱하고, 당도높은 프리미엄 샤인머스캣을빼빼마켓이 가져왔답니다!장마철 날씨에도 평균당도 16브릭스 이상 자랑하는달고 맛있는 [특등품]으로 보내드려요 - ""잘 물러질 수 있는데 과일 다 터져서 오면 어떻게해요?""걱정은 NONONO~~!! 저도 받아보고 엄청 놀랬어요.(아무리 두들겨패도 상처 안날만큼) 딴딴한 샤인머스캣 전용 에어캡 포장안에 쏙 들어가있는 샤인☆받아보시면 '와..이러면 택배기사님이 던져도 살아남겠네..'생각 드실겁니당 >ㅁ<달콤 과즙 퐝퐝~~ 제철 과일 샤인머스캣!선물용으로도 넘 좋아요 - 맛있는 제품으로 꼬오옥 드셔보세요 ^^★후숙 꼬~~옥 해주세요!!───────────────────────[ ★빼빼마켓 9월 구매 이벤트★ ]♠ 이벤트 선물 ♠✓ 1등 헤라 파워부스팅 스페셜 세트 2종 (1명)✓ 2등 바비브라운 크러쉬드 리퀴드 립 (3명) ✓ 3등 라무르 천연 유황비누 (5명)( 팔로우 필수, 참여자가 많으면 늘려 뽑아볼게요 :D )☛ 참여 방법 ❶ bbaebbae9020 계정 [팔로우] ❷ 이벤트피드에 [구매날짜], [구매한 제품명],[폰 뒷번호] 남기기❸ 9월 초 발표ex) 9/1 샤인머스캣 , 1234 ───────────────────────✅샤인머스캣 효능과 장점❶눈에 좋은 안토시아닌이 풍부 - 눈의 피로 줄여주고 시력 보호❷체지방 분해, 몸속의 노폐물을 배출해주며 부종을 막아 다이어트에 도움❸혈액의 흐름을 원활하게 하여 피가 뭉치는 것을 방지해주며 피를 깨끗하게 만들어줌✅백화점 입점상품, 그 이상의 품질 : 1수 기준 600그람 이상의 특등품만을 취급해요. 선물하기에도 넘 좋아요!✅보장된 평균당도의 달콤함16~18brix. 후숙해서 드시면 훨~~씬 더 맛있어요!✅국내 최대 포도산지, 경북산 샤인머스캣✅샤인머스캣전용 에어캡 포장✅옵션- 샤인머스캣 1.3kg 내외 / 2수- 샤인머스캣 2kg 내외 / 3수✅무료배송 ✅롯데택배, 평일 오전 주문건에 한하여 익일 배송✅농산품은 단순변심 및 부주의로 인한 상품훼손 시 반품/교환 처리 힘들어요.상품에 문제가 있을 경우 사진 촬영 후 주문자 성함과 함께 고객센터로 남겨주세요.판매자와 협의 절차 후 반품,교환(자동수거) 진행하셔야 처리되세요!✅주문 마감시간(17:00) 이후 출고된 상품은 취소 및 반품 어려워요.✅구매: 프로필 링크 클릭해주세요bbaebbae9020 #샤인머스캣 #샤인머스캣공구 #도시농장 #도시농장샤인머스캣 #아기간식 #유아간식 #어린이간식 #임산부간식 #수유부간식 #집들이선물 #상견례선물 #부모님선물 #부모님간식 #샤인머스켓 #답례품공구 #답례품추천 #샤인머스켓공구 #아이간식 #아이영양제 #캠핑간식 #하원후간식 #콤부차공구 #퓨레공구 #과일공구 #과일바구니 #추석선물세트 #아기간식추천 #탕후루 #추석선물 #명절선물세트",0,17986427999142378,1.0,IMAGE,https://scontent-ssn1-1.cdninstagram.com/v/t51.29350-15/375718589_1541966503208865_338506180819673489_n.jpg?_nc_cat=109&ccb=1-7&_nc_sid=8ae9d6&_nc_ohc=m-EHtMJQu70AX_MYtdW&_nc_ht=scontent-ssn1-1.cdninstagram.com&edm=AEoDcc0EAAAA&oh=00_AfC5arQt0P1i_hDD_U6cTnD5VJ7d_6VLyN-LOQfbWx8OFg&oe=64FF21AE,https://www.instagram.com/p/Cw6xMg8RQh0/,2023-09-08T04:58:13+0000,
117,#오늘 #와인추천 #와인 #브렌탈 #화이트와인 #아이스와인 같으면서도 #리슬링 같으면서도 #향긋한 #포도주스 같으면서도? 정말 #맛있는와인 #마셔보고깜놀 요즘 #샤인머스캣 과 화이트와인을 #마리아주 해서 먹는게 #낙 인데...어떤 #과일 과도 너무 잘 어울리는 #브렌탈화이트와인 #브렌탈은신세계 ~화니Tip 과일에 올리브유를 뿌려서 같이 먹으니 더 맛있다 ㅎ#wine #whitewine #winelover #brenntal #lovelywine #italy🇮🇹 #abccorporation #winecollection,2,18122833699309542,,CAROUSEL_ALBUM,,https://www.instagram.com/p/Cw6xEBTyFyg/,2023-09-08T04:57:03+0000,"{'data': [{'id': '17982916016204713'}, {'id': '17950119998558461'}, {'id': '17970154991402677'}, {'id': '18005345311948133'}, {'id': '18030946180595238'}]}"
118,#협찬 ⠀⠀과일귀신 은남매의 최애과일은 샤인머스캣🍇💚⠀동네과일집에서 구매하면 알크기도작고 당도도 떨어져서⠀프레쉬마켓 한남 꿀구슬 샤인머스캣 주문해봤어요 ⠀한남동 더힐 옆에서 10년가까이 운영된 과일맛집인⠀프레쉬마켓 한남은 연예인들도 자주 찾는곳으로⠀주문 후 농장에서 직배송 되는만큼⠀최상의 신선도를 자랑하는데요 !크기에 1차 놀라고 맛에 2차 놀라버렸어요(ºoºι)⠀⠀과일의 당도를 나타내는 브릭스!⠀꿀구슬 샤인머스캣은 최소 18브릭스 이상만 출고되어⠀정말 달달하고 아삭아삭~~⠀한송이가 아이들 얼굴보다 크고 무거워서⠀한그릇 담아주면 포만감까지 😛⠀⠀씨가 없어서 아이들 먹기에도 너무 좋고⠀요거트에 넣어먹어도 한끼 간식으로 충분!⠀추석선물이나 집들이 선물로 준비해도 좋아요⠀⠀🌈프레쉬마켓한남 스토어 오픈기념 이벤트⠀- 구매후 베스트 포토리뷰어 5명추첨 네이버 1만포인트지급⠀- 배송비 무료 (기간한정)⠀⠀freshmarket_hannam #프레쉬마켓한남 #한남동과일 #산지직송 #과일추천⠀#샤인머스캣 #샤인머스캣주문 #과일선물 #아이들과일,2,17867983910942861,,CAROUSEL_ALBUM,,https://www.instagram.com/p/Cw6wVK4JWEq/,2023-09-08T04:50:40+0000,"{'data': [{'id': '17998107857110014'}, {'id': '17871641435969807'}, {'id': '18312549340100948'}, {'id': '18246900019200682'}, {'id': '18274623694196473'}, {'id': '18197282758280395'}, {'id': '17985444023158556'}, {'id': '17851140873044160'}]}"
119,안녕하세요 헬시파파입니다.곧 #추석이 다가오고 있어요~어느때보다 풍요롭게 보내시라고정성껏 과일선물세트를 준비했어요질좋은 상품과 착한가격으로가족과 지인에게  감사의 마음을 전하시길 바랍니다.#추석#한가위#선물#과일#과일선물세트#샤인머스캣#사과#배#망고#혼합과일#헬시파파#가성비#내마음#감사#인사#가족#친지,0,17934256208633483,2.0,IMAGE,https://scontent-ssn1-1.cdninstagram.com/v/t51.29350-15/376228266_1309459742998064_652866378571656843_n.heic?stp=dst-jpg&_nc_cat=106&ccb=1-7&_nc_sid=8ae9d6&_nc_ohc=zGLkndKtIEMAX8oIqhP&_nc_ht=scontent-ssn1-1.cdninstagram.com&edm=AEoDcc0EAAAA&oh=00_AfBQfJfl4AWsqEQMBD9UE8-rEjasxukYIwX9kWxmFYzEaw&oe=65002D7F,https://www.instagram.com/p/Cw6wHcOS-po/,2023-09-08T04:48:47+0000,
120,"화성시민이라 좋은 점✨️👉 맛있는 로컬푸드 과일이 있다.(특히 이 맘 때 나오는 샤인머스캣👍, 봄겨울엔 딸기👍)더욱 신선하고 맛있는 과일을 준비해드릴 수 있어서 화성이 좋아요.🥰🍰오늘도 맛있는 디저트들과 함께 마카레베이킹에서 뵈어요!💕9월 8일 금요일 마카레베이킹 디저트 라인업- 💕 마카롱 14종*자주 반복라인👉 바닐라인절미, 망고, 쿠키앤크림, 레드벨벳, 솔티캐러멜, 초코범벅브라우니, 티라미수, 더블치즈, 초코우유청크*순서대로 반복라인👉 아몬드봉봉, 흑떡쏙떡, 녹차티라미수, 크림치즈무화과, 시나몬- 💕 빵(12시~1시)- 소금빵- 크로아상- 흠뻑연유빵- 💕 파운드케이크 2종- 바닐라화이트초콜릿 파운드케이크- 다크초콜릿 파운드케이크- 💕 타르트- 호두파이- 피칸파이- 💕 쿠키- 머랭쿠키(솜사탕)- 버터쿠키(바닐라, 초코, 얼그레이)- 초코칩아몬드쌀쿠키- 💕 그 외- 마들렌(초코, 레몬, 얼그레이)- 카스레라(꿀쌀, 쑥) *쌀가루로 만들어요. :)♡- 💕케이크 - 당근케이크(조각)🥕 - 망고파인애플생크림케이크(조각)🥭🍍 - 무화과생크림케이크(조각) - 샤인머스캣생크림케이크(조각)* 홀케이크는 최소 1일전(다음날 오후 4시 이후 픽업 가능), 2일(오전 10시30분부터 픽업 가능) 예약 필수 *#마카롱맛집 #마카레베이킹 #디저트카페",2,18042464740512145,12.0,IMAGE,https://scontent-ssn1-1.cdninstagram.com/v/t51.29350-15/375536421_323840106705295_2623086093256600525_n.heic?stp=dst-jpg&_nc_cat=108&ccb=1-7&_nc_sid=8ae9d6&_nc_ohc=S5T70Wp5vhkAX_YtFFz&_nc_oc=AQkLOa--iUe3MGt-uExxkdZ104DODq5jrHTGAvRkC2fpO-_OkLkF-RlLKEa6EpMVkaY&_nc_ht=scontent-ssn1-1.cdninstagram.com&edm=AEoDcc0EAAAA&oh=00_AfBu9zROVTOpO1kbprxN33vDWAFTduTdTXWqAgzMQE5i9w&oe=64FF0504,https://www.instagram.com/p/Cw6vOnMJ3T6/,2023-09-08T04:41:02+0000,
121,"공구)❥ [도시농장] 샤인머스캣로얄벌꿀고구마로 인기 끌었던 도시농장의 야심작,샤인머스캣 오픈했어요 :)빼빼마켓 단골 고객님께서는이미 [도시농장]의 품질 인정해주시죠?고구마 공구할때도 품질이 좋지않으면 보내지 않고 좋은 상태일때만 선별 보내주시는 점을 높이사서 업체를 믿고 몇달간 꾸준히 진행해왔었어요.과일이야말로 동네 마트에서 쉽게 사드실 수야 있지만요즘 고객 니즈는 하나를 먹더라도 맛있는 제품을 찾아드시잖아요?씨알 굵고, 싱싱하고, 당도높은 프리미엄 샤인머스캣을빼빼마켓이 가져왔답니다!장마철 날씨에도 평균당도 16브릭스 이상 자랑하는달고 맛있는 [특등품]으로 보내드려요 - ""잘 물러질 수 있는데 과일 다 터져서 오면 어떻게해요?""걱정은 NONONO~~!! 저도 받아보고 엄청 놀랬어요.(아무리 두들겨패도 상처 안날만큼) 딴딴한 샤인머스캣 전용 에어캡 포장안에 쏙 들어가있는 샤인☆받아보시면 '와..이러면 택배기사님이 던져도 살아남겠네..'생각 드실겁니당 >ㅁ<달콤 과즙 퐝퐝~~ 제철 과일 샤인머스캣!선물용으로도 넘 좋아요 - 맛있는 제품으로 꼬오옥 드셔보세요 ^^★후숙 꼬~~옥 해주세요!!───────────────────────[ ★빼빼마켓 9월 구매 이벤트★ ]♠ 이벤트 선물 ♠✓ 1등 헤라 파워부스팅 스페셜 세트 2종 (1명)✓ 2등 바비브라운 크러쉬드 리퀴드 립 (3명) ✓ 3등 라무르 천연 유황비누 (5명)( 팔로우 필수, 참여자가 많으면 늘려 뽑아볼게요 :D )☛ 참여 방법 ❶ bbaebbae9020 계정 [팔로우] ❷ 이벤트피드에 [구매날짜], [구매한 제품명],[폰 뒷번호] 남기기❸ 9월 초 발표ex) 9/1 샤인머스캣 , 1234 ───────────────────────✅샤인머스캣 효능과 장점❶눈에 좋은 안토시아닌이 풍부 - 눈의 피로 줄여주고 시력 보호❷체지방 분해, 몸속의 노폐물을 배출해주며 부종을 막아 다이어트에 도움❸혈액의 흐름을 원활하게 하여 피가 뭉치는 것을 방지해주며 피를 깨끗하게 만들어줌✅백화점 입점상품, 그 이상의 품질 : 1수 기준 600그람 이상의 특등품만을 취급해요. 선물하기에도 넘 좋아요!✅보장된 평균당도의 달콤함16~18brix. 후숙해서 드시면 훨~~씬 더 맛있어요!✅국내 최대 포도산지, 경북산 샤인머스캣✅샤인머스캣전용 에어캡 포장✅옵션- 샤인머스캣 1.3kg 내외 / 2수- 샤인머스캣 2kg 내외 / 3수✅무료배송 ✅롯데택배, 평일 오전 주문건에 한하여 익일 배송✅농산품은 단순변심 및 부주의로 인한 상품훼손 시 반품/교환 처리 힘들어요.상품에 문제가 있을 경우 사진 촬영 후 주문자 성함과 함께 고객센터로 남겨주세요.판매자와 협의 절차 후 반품,교환(자동수거) 진행하셔야 처리되세요!✅주문 마감시간(17:00) 이후 출고된 상품은 취소 및 반품 어려워요.✅구매: 프로필 링크 클릭해주세요bbaebbae9020 #샤인머스캣 #샤인머스캣공구 #도시농장 #도시농장샤인머스캣 #아기간식 #유아간식 #어린이간식 #임산부간식 #수유부간식 #집들이선물 #상견례선물 #부모님선물 #부모님간식 #샤인머스켓 #답례품공구 #답례품추천 #샤인머스켓공구 #아이간식 #아이영양제 #캠핑간식 #하원후간식 #콤부차공구 #퓨레공구 #과일공구 #과일바구니 #추석선물세트 #아기간식추천 #탕후루 #추석선물 #명절선물세트",0,17945872790693913,0.0,IMAGE,https://scontent-ssn1-1.cdninstagram.com/v/t51.29350-15/376280427_617141370597029_263405733868691539_n.jpg?_nc_cat=100&ccb=1-7&_nc_sid=8ae9d6&_nc_ohc=UGnymx8upLcAX_evK_o&_nc_ht=scontent-ssn1-1.cdninstagram.com&edm=AEoDcc0EAAAA&oh=00_AfDHNF--LNtErbBe6ms55dBDUIKxhnAZMOb48eRIW4ChBQ&oe=65004588,https://www.instagram.com/p/Cw6ueLbSPtV/,2023-09-08T04:34:25+0000,
122,#샤인머스켓은더이룸농장 ♥️ 안̆̈녕̆̈하̆̈세요 ♥ #더이룸농장 #샤인머스캣 에 토마토랑 부라타치즈만 추가하면 곱디고운 #샤인머스켓샐러드 완성돼요 ˚‧｡♥｡‧˚ 보기에 예쁘니까 #손님초대요리 #집들이음식 으로 딱! 이라고 생각됩니다 #다이어트음식 #한그릇요리 로 한끼 뚝딱 해도 좋구요 >< 이래저래 활용도 높은 #더이룸농장샤인머스캣 은 사랑입니다아 '◡',0,17993292278483340,,IMAGE,https://scontent-ssn1-1.cdninstagram.com/v/t51.29350-15/375619358_208033602049032_4840017001652722439_n.jpg?_nc_cat=100&ccb=1-7&_nc_sid=8ae9d6&_nc_ohc=UW7S__ASmwQAX_OIv4p&_nc_ht=scontent-ssn1-1.cdninstagram.com&edm=AEoDcc0EAAAA&oh=00_AfAMnjT8bw6eRxFaW8UpqySLqvS815zwVL6awgi-ul-J9A&oe=650003A9,https://www.instagram.com/p/Cw6uVmzJhrn/,2023-09-08T04:33:15+0000,
123,지금까지 먹어본 포도중에 가장 달았던 #샤인머스캣 노래질때까지 안따고 두면 제일 맛있다함.. 보관기간이 짧아져서 유통은 안됨. 농장에서만 맛볼수있음,0,18032610517525189,29.0,CAROUSEL_ALBUM,,https://www.instagram.com/p/Cw6t3VaPHTi/,2023-09-08T04:29:07+0000,"{'data': [{'id': '18006252652822818'}, {'id': '18099407062347705'}, {'id': '18088533106364899'}, {'id': '17864051798993536'}, {'id': '18079112524389906'}, {'id': '18004659490993273'}, {'id': '18029285218537440'}]}"
124,#재단소식 #도농상생 #후기이벤트 #안내2023년 도농상생 프로젝트3차 제철 농산물 체험 후기 이벤트 사전 안내.3차 제철농산물 체험 활동이 끝나고 후기를 작성해 주시는 분들께제철 농산물 꾸러미를 선물로 드립니다~😆😆😆개인 SNS 또는 화성푸드통합지원센터 홈페이지를 통해 참여 가능합니다.자세한 사항은 2페이지의 내용을 확인해 주세요~(❁´◡`❁),2,17981415614413476,12.0,CAROUSEL_ALBUM,,https://www.instagram.com/p/Cw6ty2MxP_3/,2023-09-08T04:28:30+0000,"{'data': [{'id': '18234473254210663'}, {'id': '18298493356139582'}]}"
